asset_a,asset_b,n_obs,pearson_r,pearson_p,spearman_r,spearman_p,pearson_q,significant_after_fdr,pearson_r_ci_low,pearson_r_ci_high,direction
BTC,ETH,4620,0.9127460042011917,0.0,0.8558963710108295,0.0,0.0,True,0.9078031884004111,0.9174352960493469,positive
ETH,XRP,4620,0.8830591418799248,0.0,0.7890475225344927,0.0,0.0,True,0.8765431525623937,0.889251517280356,positive
ETH,SOL,4620,0.8765980175714605,0.0,0.8001331146998732,0.0,0.0,True,0.8697469146264629,0.8831112915161432,positive
BTC,SOL,4620,0.8738149909517523,0.0,0.7559042646720737,0.0,0.0,True,0.8668203436645633,0.8804657991423858,positive
DOGE,XRP,4620,0.8713103562956345,0.0,0.7886295766968777,0.0,0.0,True,0.8641869356606661,0.878084586760359,positive
BTC,XRP,4620,0.8655405141287658,0.0,0.753002142146655,0.0,0.0,True,0.8581219272657409,0.8725977912883689,positive
ETH,LDO,4620,0.8586450780757832,0.0,0.7169307863388089,0.0,0.0,True,0.8508764577292048,0.8660382823322741,positive
DOGE,ETH,4620,0.8576576273370818,0.0,0.804618281237571,0.0,0.0,True,0.8498391228029976,0.8650987291614799,positive
BTC,DOGE,4620,0.8550105721694405,0.0,0.769821262646936,0.0,0.0,True,0.8470586421119389,0.862579815186128,positive
SOL,XRP,4620,0.8543255122667854,0.0,0.7659658894523071,0.0,0.0,True,0.8463391224719815,0.8619278571888997,positive
DOGE,LDO,4620,0.8418898132662382,0.0,0.723733801003234,0.0,0.0,True,0.8332829504165273,0.8500886760320012,positive
DOGE,SOL,4620,0.839972419417387,0.0,0.7649311259057864,0.0,0.0,True,0.8312707430340782,0.8482625184061963,positive
BTC,LDO,4620,0.8218108147104418,0.0,0.6852158886215804,0.0,0.0,True,0.8122223657766761,0.8309553219866815,positive
ADA,SOL,4620,0.8214002414777009,0.0,0.7240503607739464,0.0,0.0,True,0.811791981797377,0.830563859377328,positive
ETH,UNI,4620,0.8169303248802582,0.0,0.6712725754682726,0.0,0.0,True,0.807107060672519,0.82630141440689,positive
LDO,XRP,4620,0.8111899391868752,0.0,0.6870988769552409,0.0,0.0,True,0.8010923743370524,0.8208258944210682,positive
ADA,BTC,4620,0.8056441583078903,0.0,0.716418812910242,0.0,0.0,True,0.7952835280252372,0.8155343174912366,positive
LDO,SOL,4620,0.8020610620983883,0.0,0.6855658564658786,0.0,0.0,True,0.7915314781741891,0.8121145812875128,positive
BTC,SUI,4620,0.7978712584667209,0.0,0.7173072801037149,0.0,0.0,True,0.7871451194110062,0.8081149224267757,positive
SOL,SUI,4620,0.7905743765439155,0.0,0.7247461928402756,0.0,0.0,True,0.7795085102675183,0.8011469371053357,positive
DOGE,SUI,4620,0.7853365491833103,0.0,0.763674196790341,0.0,0.0,True,0.7740288481957961,0.7961434294834906,positive
ADA,ETH,4620,0.7848710098145518,0.0,0.7479829482750009,0.0,0.0,True,0.7735418964550843,0.7956986449881773,positive
SUI,XRP,4620,0.774590306253548,0.0,0.7278934031098397,0.0,0.0,True,0.7627917429244173,0.7858733027839455,positive
ADA,XRP,4620,0.7716429020627382,0.0,0.7466168405917663,0.0,0.0,True,0.7597109531871374,0.7830553963181013,positive
ADA,DOGE,4620,0.7665836667760737,0.0,0.7739139503527183,0.0,0.0,True,0.7544240094576209,0.7782173519471036,positive
BTC,CRV,4620,0.7599893902069211,0.0,0.6517089075358199,0.0,0.0,True,0.7475353022227365,0.7719093049677087,positive
ETH,SUI,4620,0.7557163806751778,0.0,0.7495470807879202,0.0,0.0,True,0.7430729352872874,0.7678205150392131,positive
UNI,XRP,4620,0.748473517228348,0.0,0.6536385368288181,0.0,0.0,True,0.7355116732821222,0.7608876557610227,positive
CRV,SUI,4620,0.7429415826253176,0.0,0.633286575248991,0.0,0.0,True,0.7297387271353541,0.7555905855588341,positive
ADA,SUI,4620,0.7421570862327327,0.0,0.720848092549657,0.0,0.0,True,0.7289202047198499,0.7548392618688684,positive
ADA,ARB,4620,0.7389452731306612,0.0,0.7149054394806817,0.0,0.0,True,0.72556947999338,0.7517629143148716,positive
CRV,ETH,4620,0.7317630766787091,0.0,0.6688782791237015,0.0,0.0,True,0.7180789462033221,0.7448816240748166,positive
CRV,SOL,4620,0.7298794243940605,0.0,0.6340747126173885,0.0,0.0,True,0.7161149518729032,0.7430764274379176,positive
ARB,DOGE,4620,0.724369351424919,0.0,0.7558549134784015,0.0,0.0,True,0.7103711128370325,0.7377947506403935,positive
LDO,SUI,4620,0.7192734119791941,0.0,0.6865739248837718,0.0,0.0,True,0.7050606361278319,0.7329085776563308,positive
ARB,AVAX,4620,0.7150084423239159,0.0,0.6603822538735725,0.0,0.0,True,0.7006173377543072,0.7288180872867974,positive
ADA,AVAX,4620,0.7129033839235834,0.0,0.6749315995046311,0.0,0.0,True,0.6984246730652423,0.7267987831264962,positive
AVAX,DOGE,4620,0.6998283841679787,0.0,0.6840014935853969,0.0,0.0,True,0.6848116150910923,0.714251040845286,positive
CRV,LDO,4620,0.6983045625313753,0.0,0.6458678724452431,0.0,0.0,True,0.6832257672619713,0.7127880647781805,positive
ADA,LDO,4620,0.6968934734501898,0.0,0.6954718590919134,0.0,0.0,True,0.6817573675309316,0.7114332075039382,positive
CRV,DOGE,4620,0.6956920761108953,0.0,0.67626181312382,0.0,0.0,True,0.680507272175347,0.7102796005770222,positive
BTC,UNI,4620,0.6951255833349428,0.0,0.6390621578155733,0.0,0.0,True,0.6799178475747016,0.709735615143988,positive
CRV,XRP,4620,0.6946285390184467,0.0,0.6329980879877453,0.0,0.0,True,0.6794006989164769,0.7092583045606423,positive
ARB,XRP,4620,0.6914191198968067,0.0,0.713470364414841,0.0,0.0,True,0.6760618300668756,0.7061759833387968,positive
ARB,SUI,4620,0.6881313033674537,0.0,0.714768960381861,0.0,0.0,True,0.6726420555285461,0.7030177892677157,positive
ARB,SOL,4620,0.687029117047145,0.0,0.7054947115728035,0.0,0.0,True,0.6714957805233933,0.7019589253156011,positive
AVAX,SUI,4620,0.678882791471604,0.0,0.6633781183654306,0.0,0.0,True,0.6630258974508474,0.6941307508412623,positive
OP,SUI,4620,0.6773430228820474,0.0,0.5581246942448689,0.0,0.0,True,0.66142542807691,0.6926507118570857,positive
ARB,BTC,4620,0.677015120800309,0.0,0.698457126851844,0.0,0.0,True,0.6610846181553073,0.6923355128691832,positive
LDO,UNI,4620,0.6768765369998929,0.0,0.6476817305819434,0.0,0.0,True,0.6609405809905851,0.6922022961181586,positive
AVAX,SOL,4620,0.6744891756058264,0.0,0.6445741792343127,0.0,0.0,True,0.6584594596690794,0.6899072280699927,positive
AVAX,XRP,4620,0.6716246510618548,0.0,0.6510848266593446,0.0,0.0,True,0.6554828951211522,0.6871530344596533,positive
DOGE,UNI,4620,0.6550535856440727,0.0,0.6836155061508635,0.0,0.0,True,0.6382735229624404,0.6712114612733489,positive
AVAX,BTC,4620,0.6508795481670964,0.0,0.6193178674013425,0.0,0.0,True,0.6339413470497276,0.667193626868381,positive
CRV,OP,4620,0.6508332727233909,0.0,0.5396594849482229,0.0,0.0,True,0.6338933243620269,0.6671490778480568,positive
SOL,UNI,4620,0.6506979622852996,0.0,0.645643964734833,0.0,0.0,True,0.6337529056925477,0.6670188148412204,positive
OP,XRP,4620,0.645178070224906,0.0,0.540970455924643,0.0,0.0,True,0.6280255788712159,0.6617039783440016,positive
ARB,ETH,4620,0.6451142208907554,0.0,0.740548252185705,0.0,0.0,True,0.6279593409806883,0.6616424911969867,positive
BTC,OP,4620,0.6372929530470866,0.0,0.5431918689884027,0.0,0.0,True,0.6198473647745882,0.6541088993673855,positive
ETH,OP,4620,0.6345195335790458,0.0,0.567572826317664,0.0,0.0,True,0.6169717554016703,0.6514366882397847,positive
ARB,LDO,4620,0.6322645515585029,0.0,0.710819048649796,0.0,0.0,True,0.6146340312380003,0.6492636862000829,positive
LDO,WLD,4620,0.6277552215190193,0.0,0.5619399378683095,0.0,0.0,True,0.6099601688585157,0.6449174605257736,positive
DOGE,OP,4620,0.6271771379792946,0.0,0.5779896651680936,0.0,0.0,True,0.6093610822526622,0.6443602062228421,positive
ADA,CRV,4620,0.6264560374095385,0.0,0.642099791507677,0.0,0.0,True,0.6086138110008399,0.6436650624328167,positive
AVAX,ETH,4620,0.6244682210384122,0.0,0.6485639762110414,0.0,0.0,True,0.6065540152870864,0.6417486525759943,positive
AVAX,LDO,4620,0.6114710796872769,0.0,0.6261562447928914,0.0,0.0,True,0.5930921682391221,0.6292130749375848,positive
LDO,OP,4620,0.6110765990625604,0.0,0.5772515725779525,0.0,0.0,True,0.5926837437893548,0.6288324590056776,positive
DOGE,WLD,4620,0.6073277613054806,0.0,0.6035552411547233,0.0,0.0,True,0.5888028667497963,0.6252149557997774,positive
ADA,UNI,4620,0.6021869972423242,0.0,0.6475012488985153,0.0,0.0,True,0.5834824261721914,0.6202530402543334,positive
OP,SOL,4620,0.5936563055347719,0.0,0.544560590227074,0.0,0.0,True,0.5746571168131918,0.612015942015385,positive
LDO,WIF,4620,0.5790545013603061,0.0,0.5049285634389782,1.7317150502401532e-297,0.0,True,0.5595612697656234,0.5979074248551852,positive
DOGE,WIF,4620,0.5753223540053745,0.0,0.5317332838462352,0.0,0.0,True,0.555704921885251,0.5942994837790464,positive
ETH,WLD,4620,0.5744727999431448,0.0,0.5753728783009362,0.0,0.0,True,0.554827213812695,0.5934780962295944,positive
ARB,OP,4620,0.5738326383893089,0.0,0.6215051132895815,0.0,0.0,True,0.5541658663541046,0.5928591327354389,positive
OP,UNI,4620,0.561472679252381,0.0,0.534755936608445,0.0,0.0,True,0.5414017246965884,0.5809040477413582,positive
ENA,SUI,4620,0.5595151774008009,0.0,0.6172803092656776,0.0,0.0,True,0.5393810589671304,0.5790098983053684,positive
WLD,XRP,4620,0.5586576755027277,0.0,0.560127764993369,0.0,0.0,True,0.53849596057574,0.5781800822346235,positive
SUI,UNI,4620,0.5501023149532351,0.0,0.6537038586613149,0.0,0.0,True,0.5296677033647703,0.5698987330804011,positive
CRV,UNI,4620,0.5475425196800051,0.0,0.5959369649936949,0.0,0.0,True,0.5270271166440001,0.5674201411646896,positive
AAVE,XRP,4620,0.5310218278893479,0.0,0.43369449985948183,3.052703773662808e-211,0.0,True,0.5099945267629441,0.5514148597200882,positive
AAVE,DOGE,4620,0.5292264320894566,0.0,0.44661343211307697,2.120102779819406e-225,0.0,True,0.5081444929635525,0.5496745715451933,positive
UNI,WLD,4620,0.5262893095053245,0.0,0.5422996780783564,0.0,0.0,True,0.5051184064181605,0.5468272178663391,positive
AAVE,LDO,4620,0.5246776507204287,0.0,0.45286519479772863,1.7842584955985825e-232,0.0,True,0.5034581524565241,0.5452646152126435,positive
AAVE,ETH,4620,0.5222050242306991,1.126e-321,0.44262632652853273,5.776595319963578e-221,1.823e-321,True,0.5009112752446359,0.5428669730678081,positive
AVAX,CRV,4620,0.521820453743685,4.02e-321,0.5821564325525588,0.0,6.433e-321,True,0.5005151895918998,0.5424940347142058,positive
ADA,OP,4620,0.5171268944997758,2.0223487146e-314,0.5630306424705495,0.0,3.198132851e-314,True,0.49568181005787754,0.5379417851922442,positive
ARB,CRV,4620,0.5164314153123777,1.94942179967e-313,0.6634429149590344,0.0,3.04737200867e-313,True,0.4949657256515953,0.5372671416181626,positive
SUI,WIF,4620,0.5161677296455348,4.59624617423e-313,0.5143751238959661,1.53483144267633e-310,7.10328954198e-313,True,0.4946942352949666,0.5370113486452185,positive
SOL,WIF,4620,0.5005491905639576,1.4172700472413997e-291,0.49521004977870736,1.7563641729404754e-284,2.165716027245285e-291,True,0.478620884274327,0.5218534665652284,positive
ENA,OP,4620,0.4969243868218881,9.567701795147053e-287,0.5026098633856786,2.3982864463244837e-294,1.4457860490444437e-286,True,0.4748926263629778,0.5183336491078433,positive
AVAX,OP,4620,0.4925496110135712,5.398688017657372e-281,0.4959747748086723,1.7233747765524302e-285,8.068368905509919e-281,True,0.4703940446559526,0.5140846150199794,positive
ARB,WLD,4620,0.491139508242349,3.701404935644063e-279,0.5919020520655491,0.0,5.471642078778179e-279,True,0.4689442814210911,0.512714816761257,positive
BTC,WIF,4620,0.49059543143217144,1.8814940791082545e-278,0.4468990670245587,1.0146856308487245e-225,2.7514322017066946e-278,True,0.46838493391479585,0.512186261754788,positive
WIF,XRP,4620,0.4903967445550347,3.4044928658604377e-278,0.4796129976732538,1.8125336868784038e-264,4.9256492527342503e-278,True,0.46818067489724613,0.5119932390792136,positive
CRV,WIF,4620,0.48830684774422944,1.7014193305936637e-275,0.47045345182793263,3.439645567722524e-253,2.4357160943235607e-275,True,0.4660323110951082,0.5099627892947632,positive
CRV,ENA,4620,0.48765499494190945,1.171495931954052e-274,0.5415360365888102,0.0,1.6596192369349068e-274,True,0.4653622757820598,0.5093294290404744,positive
AAVE,BTC,4620,0.48464311600604876,8.258085000418084e-271,0.4069689860209751,7.662211375925366e-184,1.1578345979967623e-270,True,0.4622667164671523,0.5064026898082542,positive
AAVE,SOL,4620,0.48374107426301766,1.1531717875852394e-269,0.44217573536070065,1.816337358090805e-220,1.6003200317509444e-269,True,0.46133971901303933,0.5055260493841705,positive
AAVE,UNI,4620,0.4805495741513203,1.217814833714676e-265,0.47103637206212534,6.7446376900606875e-254,1.6729577513656156e-265,True,0.45806031608459347,0.5024240601641891,positive
ETH,WIF,4620,0.47826465704634813,8.71293393592585e-263,0.48312381633495455,6.973298400249908e-269,1.1849590152859155e-262,True,0.4557128419517949,0.5002028813847229,positive
BTC,WLD,4620,0.47818726627719865,1.0876032658079468e-262,0.5466660504605012,0.0,1.4644954866324828e-262,True,0.4556333378509972,0.500127644394939,positive
ARB,UNI,4620,0.46826884022541776,1.499802004457419e-250,0.6594995649462168,0.0,1.9997360059432252e-250,True,0.44544704376836225,0.4904825050360108,positive
AAVE,ARB,4620,0.46744537045125334,1.46556099190987e-249,0.42618789291262177,2.7103493111221706e-203,1.9351096592207993e-249,True,0.4446016000032322,0.4896814799290782,positive
AVAX,WLD,4620,0.46565607752997384,2.0311450058573932e-247,0.5333555681461608,0.0,2.6561126999673605e-247,True,0.4427647007455825,0.48794082695593793,positive
AAVE,WLD,4620,0.4623529687324392,1.6907579238537149e-243,0.36734441349932867,1.3852852844999972e-147,2.189934072801002e-243,True,0.4393742133725769,0.484727043852842,positive
SOL,WLD,4620,0.455096447728682,4.902243477571679e-235,0.542107240010845,0.0,6.2896708768844186e-235,True,0.4319280307301766,0.4776646382859048,positive
AAVE,ADA,4620,0.45265723482070785,3.0845054800111977e-232,0.428826878354741,4.588564116754925e-206,3.920492946556289e-232,True,0.42942577387461656,0.47529002030546436,positive
ARB,WIF,4620,0.450733059908461,4.79697496338675e-230,0.5419849845880654,0.0,6.0406351390796115e-230,True,0.4274521183377942,0.47341656847368746,positive
ARB,ENA,4620,0.45048884893009483,9.08102799835511e-230,0.6305841879144896,0.0,1.13304569520761e-229,True,0.42720164328408633,0.47317878045178224,positive
AAVE,SUI,4620,0.44703299412763375,7.180820733345233e-226,0.4188412600302141,1.0447131624449328e-195,8.878105633954105e-226,True,0.4236575280344707,0.46981346310411487,positive
AAVE,AVAX,4620,0.44594113924413215,1.1978057901903879e-224,0.39848268411037296,1.188374316402371e-175,1.4675818690620969e-224,True,0.42253793659329647,0.46875007527552937,positive
AVAX,UNI,4620,0.44519426257489103,8.163220600377415e-224,0.5991979698528892,0.0,9.912482157601148e-224,True,0.4217721280369771,0.46802263324104326,positive
WIF,WLD,4620,0.43813410062200386,4.8787901165420204e-216,0.45207523985660997,1.4243296957165735e-231,5.871818193360308e-216,True,0.4145346551583753,0.4611446564639852,positive
OP,WIF,4620,0.434460610976248,4.5932134003699546e-212,0.4107116578939973,1.5690130726914878e-187,5.479623003950121e-212,True,0.4107700888231845,0.45756486603135704,positive
ADA,ENA,4620,0.4337088980910994,2.9460828014611253e-211,0.5996490226255753,0.0,3.4840631391192437e-211,True,0.4099998382975303,0.4568322346632511,positive
AVAX,WIF,4620,0.4289699621925963,3.241223061339601e-206,0.4603609311151143,3.7288227211643335e-241,3.800054623639532e-206,True,0.4051448161764067,0.45221286979999537,positive
AVAX,ENA,4620,0.42398566845762076,5.331480714993058e-201,0.5539803021760441,0.0,6.1972767285389384e-201,True,0.4000398753574027,0.4473529920603003,positive
SUI,WLD,4620,0.4044417112664134,2.2314614541801576e-181,0.588261200085117,0.0,2.57185387939408e-181,True,0.38003717330969894,0.42828356017366953,positive
ENA,SOL,4620,0.40401396931034794,5.801650678659017e-181,0.5771611674750032,0.0,6.630457918467447e-181,True,0.3795996462952753,0.42786596615292527,positive
ADA,WIF,4620,0.40165765543233267,1.0928575300292625e-178,0.5039051432255811,4.246396552756235e-296,1.2385718673664976e-178,True,0.37718962496502706,0.4255653719151167,positive
ADA,WLD,4620,0.39858428733054685,9.512586793977858e-176,0.5678645479851283,0.0,1.0691833090751972e-175,True,0.3740467035005341,0.4225642151058342,positive
BTC,ENA,4620,0.3931707307194809,1.2056342781626705e-170,0.5568513739546878,0.0,1.3439857527059278e-170,True,0.36851200315804966,0.4172765751672814,positive
OP,WLD,4620,0.3887545688453107,1.4915889957444704e-166,0.46629120059516344,3.5397818520965082e-248,1.649236613180878e-166,True,0.3639983114165041,0.41296192192741665,positive
AAVE,OP,4620,0.3834255204940678,1.0690330529491628e-161,0.3352276271400735,1.0062149888471962e-121,1.1724878645248884e-161,True,0.3585531200826523,0.40775391840665554,positive
AAVE,CRV,4620,0.3767444543904036,9.762754072926702e-156,0.3818544149322752,2.775002639542964e-160,1.0621876431344252e-155,True,0.3517288349661307,0.401222370056365,positive
ENA,XRP,4620,0.373148842091559,1.37998970311425e-152,0.58750719395754,0.0,1.4895126954249047e-152,True,0.34805724537108246,0.3977061945230031,positive
DOGE,ENA,4620,0.366507146813218,7.153661804782663e-147,0.6289334382350827,0.0,7.660614216145213e-147,True,0.34127723088480233,0.3912093348563113,positive
ENA,ETH,4620,0.3355716287858191,5.514649806320173e-122,0.5949135135597499,0.0,5.859315419215184e-122,True,0.309732007681182,0.36091595173220087,positive
AAVE,WIF,4620,0.31621782950440624,8.35251970350001e-108,0.308439897321966,2.144925331214192e-102,8.805757206790708e-108,True,0.2900256493468683,0.34193664758379194,positive
CRV,WLD,4620,0.30906648420800475,7.973527026049196e-103,0.5248964471861254,0.0,8.341535965713005e-103,True,0.28274964692830207,0.33491836765908883,positive
ENA,LDO,4620,0.2946055535868878,3.5846348631143e-93,0.5824381124805468,0.0,3.721452987660647e-93,True,0.2680458918862713,0.3207177418801492,positive
UNI,WIF,4620,0.2837308952694725,2.8389383562740976e-86,0.45456002390876354,2.0316748251298656e-234,2.9249667913127067e-86,True,0.25699677401902404,0.3100310948203287,positive
ENA,WIF,4620,0.27794781672585867,9.96023362382453e-83,0.4492299261448446,2.417484100258115e-228,1.0184900547670197e-82,True,0.25112376423667543,0.3043452913385922,positive
AAVE,ENA,4620,0.22761287170423694,2.315889335742297e-55,0.39509552704384826,1.8958521311967896e-172,2.3504548482160627e-55,True,0.2000893414094734,0.25477744911772604,positive
ENA,UNI,4620,0.22557010741758912,2.224181780145293e-54,0.5693642075397971,0.0,2.2406572007389617e-54,True,0.19802133868556634,0.2527627977377858,positive
ENA,WLD,4620,0.1312600102380987,3.3006024890572843e-19,0.5561193620227188,0.0,3.3006024890572843e-19,True,0.10281232360018888,0.15949315288330723,positive
