asset_a,asset_b,dependent,independent,hedge_ratio,adf_p,adf_q,engle_granger_p,phi,phi_p_vs_unit_root_approx,is_mean_reverting,theta_per_bar,half_life_bars,half_life_hours,ou_mu,ou_sigma_eq,current_spread,current_rolling_zscore,current_ou_zscore,half_life_hours_ci_low,half_life_hours_ci_high
CRV,DOGE,CRV,DOGE,0.46122720398431294,0.0015725946588059966,0.10696834434687483,0.007894419334542865,0.9911344919038599,6.711837186479386e-06,True,0.008905040536595176,77.8376221547183,1.621617128223298,3.191690413009709e-05,0.005249626860434475,0.0002060103303365146,-0.05007433228346894,0.03316300964522439,0.183030807151899,0.23829369160148017
AAVE,CRV,CRV,AAVE,0.26273246345758444,0.001636976242729488,0.10696834434687483,0.008177850383880947,0.9925653432092147,3.886523756424509e-05,True,0.007462431601336505,92.88489564658846,1.9351019926372597,0.0001697783081820904,0.006842505319986779,0.0037671449637082244,0.9249207075432395,0.5257382328981638,0.18580262685012552,0.24005650753842525
AAVE,XRP,XRP,AAVE,0.16522110871352388,0.0030517667715824624,0.10696834434687483,0.014128877542273802,0.99413195119936,0.000179462411824316,True,0.005885333450284456,117.77534551189166,2.4536530314977427,0.0004927240730657968,0.006261695793867103,0.002789677565515021,1.8476305835347342,0.36682610718632014,0.1938455528734168,0.24477879825368462
CRV,OP,CRV,OP,0.31763296637477956,0.0031461277749080833,0.10696834434687483,0.014497792186209483,0.9925540908981373,4.099316087446958e-05,True,0.007473768260364922,92.74400227738677,1.9321667141122243,0.0002541788983433885,0.006204415015901105,0.005932823344625859,1.2657020991421306,0.915258639489597,0.18807056080883824,0.24422940864787004
ARB,AVAX,AVAX,ARB,1.1090861801558782,0.004687299859538775,0.1260297451888016,0.020491323060873742,0.9940680397054578,0.00025067112591603546,True,0.005949624260280092,116.50268155376148,2.4271391990366973,-0.00024310836586975451,0.008691874569370994,-0.006285592040622401,-0.8325753807423407,-0.6951876291502816,0.1957446300251696,0.24534011076341325
ENA,XRP,XRP,ENA,0.161487279186464,0.00636966978248205,0.1260297451888016,0.026750852010353463,0.9948814447063514,0.0005522484697011443,True,0.00513169997148746,135.0716496309568,2.8139927006449335,0.0005387067977080181,0.0062899464121232655,0.004704601037607732,1.9219701147674808,0.6623099732408457,0.19536645900827634,0.24541212680357746
AAVE,BTC,BTC,AAVE,0.20799211077198837,0.007964186026089715,0.1260297451888016,0.032273054558396116,0.9946006772506462,0.0005421365612710005,True,0.005413951774075214,128.02980327218475,2.6672875681705155,-9.631123934352129e-05,0.005521029592310733,-0.010085449409480418,-0.2562998321228206,-1.8092890108846733,0.1952744834324142,0.24419506394897972
OP,XRP,XRP,OP,0.16732960517970732,0.008640690966387869,0.1260297451888016,0.034611280647447264,0.9950599866900927,0.000603893758011953,True,0.004952255510054208,139.96595675499748,2.9159574323957806,0.0005110923519613002,0.006613548476914678,0.002007682491706582,2.026591637860742,0.2262915505903215,0.19787138374793387,0.24412186233282684
ARB,SOL,ARB,SOL,0.6944340529889531,0.009555036798743217,0.1260297451888016,0.0376863460923874,0.9941553863598123,0.00022299677164827614,True,0.00586176023728791,118.24898196120132,2.4635204575250276,0.0002852769941550489,0.00681001992546001,0.00029668425092577166,2.069633876813522,0.0016750695145656565,0.19692250840539305,0.24670352514851976
ADA,SUI,ADA,SUI,0.7585576388780602,0.010146950605210987,0.1260297451888016,0.039746757941593464,0.9943015500516698,0.00012386056499225084,True,0.0057147480597101365,121.29094289330807,2.526894643610585,-0.0006145862444752812,0.005315436479242454,-0.0018908110084487895,1.7845198105128797,-0.24009782996323067,0.19632514635675125,0.24512626344038724
BTC,CRV,CRV,BTC,1.0389150501625848,0.01064720070301068,0.1260297451888016,0.04127241257289142,0.993672505014169,0.0001765485179590076,True,0.006347598430057895,109.19833511799884,2.274965314958309,9.24336633075756e-05,0.005886003410546564,0.010899879627269016,0.960121580299416,1.8361263509627972,,
CRV,XRP,XRP,CRV,0.6027680718738925,0.011120271634306025,0.1260297451888016,0.04289833761614913,0.9936526660694099,9.223573788275097e-05,True,0.006367563904302797,108.85594412198364,2.2678321692079924,0.0003073594210290812,0.004966549112240221,2.7409329451617837e-05,1.2314797608223345,-0.05636712438572636,,
CRV,WLD,CRV,WLD,0.16337813642575086,0.01388636128192594,0.12757157976994588,0.05161627594606762,0.9943059460964058,0.0003260374749740613,True,0.005710326830538938,121.38485258899382,2.528851095604038,-0.00015926321709339454,0.007393467650652326,-0.004150724280847395,0.8580330936882109,-0.5398631944243151,,
CRV,ENA,CRV,ENA,0.23962549722183035,0.014172943697516219,0.12757157976994588,0.05250370184867005,0.9943526815903021,0.000349837097084027,True,0.005663324802886458,122.3922703862341,2.5498389663798773,0.00010725589041777966,0.007297072271824834,0.00534887525685801,0.9291865898503417,0.718318137902918,,
UNI,XRP,XRP,UNI,0.28931963708224556,0.014961163554598395,0.12757157976994588,0.05500360626651209,0.9952934533487615,0.0007493890250527269,True,0.0047176573175492014,146.92614022250172,3.0609612546354525,0.0008873855858925168,0.005900945922639625,0.0072419263977114914,2.049260929224936,1.076868165735782,,
WLD,XRP,XRP,WLD,0.07887655710885545,0.015584987556081465,0.12757157976994588,0.05685277200516992,0.9954721440222233,0.0011689831963328512,True,0.004538137765696748,152.7382411788738,3.1820466912265375,0.00018582719905834292,0.00716857092982402,-0.0037851711763522214,1.683734743045373,-0.5539456070511459,,
DOGE,XRP,XRP,DOGE,0.27541687966412803,0.015946447471243234,0.12757157976994588,0.0580451537396373,0.9951145248179016,0.00059470224153646,True,0.004897448127578682,141.53231693392942,2.9485899361235295,0.00042749456737869036,0.005879002013833305,6.557535291524391e-05,1.175308364351929,-0.061561335344306696,,
LDO,WIF,WIF,LDO,1.2124668919049242,0.017302359971570373,0.13072894200742058,0.06298638754361222,0.9978101283180432,0.001220295428965068,True,0.002192272957245549,316.17740768505416,6.587029326771962,0.01426704094601534,0.027881956438058356,0.011494607636034493,1.8257924244568546,-0.09943467619067532,,
AAVE,DOGE,AAVE,DOGE,1.3193234859439915,0.018350362453181356,0.1313499628227718,0.06508970859469182,0.9951502312191554,0.0012409575040415177,True,0.004861567070900928,142.57690379482798,2.9703521623922495,-0.0019159257678215574,0.015105656622345032,-0.028004778383496465,-1.9882644054669723,-1.727091596738866,,
LDO,WLD,LDO,WLD,-0.08331823113993914,0.022006296227954296,0.14964281435008922,0.07563833676647044,0.9958198271227625,0.0018792410441643703,True,0.004188934224367302,165.47101086664557,3.4473127263884495,-0.0023635808135410406,0.012091045770227129,-0.02168509783954553,-0.5618280158985897,-1.5980021408554752,,
AVAX,ETH,ETH,AVAX,0.32440010074078607,0.024645786717927005,0.1596108092208606,0.08299014879472372,0.9961174095892827,0.003613288314428198,True,0.0038901472312336373,178.18019199754954,3.712087333282282,-0.0005360908974653767,0.006510297678094107,-0.00815836749304566,0.3452760057865171,-1.170803083433154,,
ADA,WIF,ADA,WIF,-0.07874262062822349,0.026809892193409533,0.1640446156673416,0.08895112293473195,0.9956744207344593,0.0014538368532879264,True,0.004334961649470861,159.8969579453034,3.3311866238604875,-0.000650726744800054,0.010915967728669086,-0.0013774278352975955,2.1442892617530473,-0.06657230110611032,,
AAVE,ADA,ADA,AAVE,0.28359119147708656,0.031115054840646892,0.1640446156673416,0.10035684444960608,0.9954304732224319,0.002346538479342186,True,0.004579998979235253,151.34221289186485,3.1529627685805175,0.000622311348880768,0.008572921173434247,0.019593368378301168,2.3684221523698334,2.2129046384105195,,
CRV,WIF,CRV,WIF,-0.048167465518789865,0.03140418949056119,0.1640446156673416,0.10108266941082988,0.9956682788260811,0.002194622025022852,True,0.004341130259604712,159.66974937606705,3.326453112001397,-0.0010451988365019237,0.010325013594837217,-0.015461860026152019,0.9592643050143488,-1.396284959552868,,
BTC,UNI,BTC,UNI,0.3520052249306851,0.03167967694638004,0.1640446156673416,0.10188488771148513,0.9958169386383342,0.001475588200750666,True,0.004191834838051452,165.35651029661042,3.4449272978460503,0.00020526074565197918,0.004934321799417964,-0.005168633352395702,0.08678323796880669,-1.0890846435434283,,
AVAX,LDO,LDO,AVAX,0.5232940881723896,0.032243054632609465,0.1640446156673416,0.10326660844622315,0.9955915454551907,0.0013667257179792447,True,0.004418200433966416,156.88450329938428,3.268427152070506,-0.0019117621329329943,0.008079897563379821,-0.01856272934479586,-1.2946022214493405,-2.060789395069727,,
CRV,UNI,CRV,UNI,0.44670630192719596,0.03256768105160458,0.1640446156673416,0.1040776519575996,0.9938844742881721,0.00024759417222885993,True,0.006134302130113771,112.99527898328179,2.354068312151704,0.0004979722900441986,0.006444106499463407,0.010093981908227967,1.0057971799375827,1.4891140639874305,,
ENA,UNI,UNI,ENA,0.5206659771194585,0.034588698283535904,0.16800224880574582,0.10928964602331953,0.9943852625080921,0.00030173013362211343,True,0.005630559382093221,123.10449699977418,2.5646770208286287,-0.0010457100105638695,0.008840316187713887,-0.0119657773875943,-0.56953743905672,-1.2352575569872655,,
SOL,WLD,SOL,WLD,-0.2153646019382059,0.03940234389944313,0.17538977469129555,0.1214587593022406,0.996477382819441,0.0037721968939399275,True,0.0035288362055843447,196.4237329754913,4.0921611036560686,-0.0012418259567686947,0.01611873473879234,-0.0005907606952249012,0.8202986287915583,0.04039183422858246,,
BTC,OP,BTC,OP,0.21677800482872595,0.04400703439783658,0.17538977469129555,0.13277591874295108,0.9964422371506663,0.005664620522016106,True,0.0035641067387520466,194.47991639067666,4.051664924805764,-0.00023661941377756438,0.006097562565907894,-0.01066435782435704,0.3774342672075348,-1.710148653313054,,
BTC,ENA,BTC,ENA,0.18694498785007252,0.044069690996112236,0.17538977469129555,0.13278608057052782,0.9961755854082601,0.004054716858673091,True,0.003831746364353125,180.8958930602293,3.768664438754777,-0.00029161006635901657,0.006027777321747616,-0.009068038899586739,-0.22824452148518495,-1.4559975202738906,,
ADA,XRP,XRP,ADA,0.5024425389769842,0.045184973676941895,0.17538977469129555,0.13552636701232773,0.9962631508390454,0.0023355861569291925,True,0.0037438486245144017,185.14295049785844,3.8571448020387176,0.00023236689074969616,0.0052997805669448,-0.008685124275019933,0.7430418879249152,-1.6826151673880254,,
ARB,LDO,LDO,ARB,0.7405374107638031,0.04606989457858028,0.17538977469129555,0.13731672634577807,0.9947268167688071,0.0007750712985419295,True,0.0052871355321952316,131.1007021361809,2.731264627837102,-0.0018294137655989263,0.006541934876200131,-0.023435277341319116,-2.092859313898952,-3.302671760662636,,
AAVE,OP,AAVE,OP,0.9064873161136232,0.047108432012419134,0.17538977469129555,0.1400080350147025,0.9960626198673788,0.0027858116510472986,True,0.003945152021069561,175.6959369013181,3.6603320187774604,-0.001201301272645964,0.01746481247524701,-0.011761674257670052,1.397548158691265,-0.6046656956661499,,
ETH,WLD,ETH,WLD,-0.012568612751881689,0.0509116727921752,0.17538977469129555,0.14881092170895183,0.9960577758682172,0.002992358430365938,True,0.003950015180115513,175.4796244959431,3.655825510332148,-0.00047176300048601795,0.008848558380329427,-0.007480906299947243,1.3516422614596655,-0.7921226258779884,,
ETH,WIF,ETH,WIF,0.08362892668946223,0.0514054484170552,0.17538977469129555,0.14999023503489672,0.996054615724602,0.0024189943502082034,True,0.003953187836064617,175.33879221129308,3.652891504401939,-0.0008496207975012977,0.00791073453886987,-0.0059678836221133125,1.3368935485207598,-0.6470022220393218,,
ARB,WLD,ARB,WLD,-0.11528292401056262,0.05214521520144794,0.17538977469129555,0.15173385003956752,0.9962411346241463,0.003392861208744824,True,0.003765947663458084,184.05650914528707,3.8345106071934807,-0.00010291297475393374,0.01397914396338087,0.0021780224357730305,2.50948750340336,0.16316703057798096,,
ENA,ETH,ETH,ENA,0.09797029422002407,0.053086506396335637,0.17538977469129555,0.15404514270255903,0.9965023254511861,0.0046887358042218,True,0.003503805713158434,197.82694512907852,4.121394690189136,0.00029659014361559663,0.008249839427181967,0.0017094662038950048,1.3953922674910464,0.17126103759355563,,
WIF,XRP,XRP,WIF,0.05061063619221258,0.05423177687096405,0.17538977469129555,0.15639989782172253,0.9959113017447169,0.0026232294460746264,True,0.004097079836299685,169.18078442571124,3.524599675535651,-0.0006220201373385235,0.007834379819457863,-0.008651888505159099,1.6956334575909935,-1.024952651373525,,
SUI,XRP,XRP,SUI,0.4243654180065356,0.05575791281058348,0.17538977469129555,0.15993839738236643,0.9963252615135001,0.0048334373993697,True,0.0036815069245528893,188.27811403454754,3.9224607090530736,-0.0002263159969489146,0.0058510110328380245,-0.009700506705569427,1.3229564586283213,-1.619239932286552,,
WIF,WLD,WIF,WLD,-0.5372101698248745,0.05654429264134236,0.17538977469129555,0.16175472875969427,0.9969877358530113,0.005731584278741764,True,0.0030168101460964184,229.7616180643116,4.786700376339825,0.0022354659402861994,0.034362236934128015,-0.043962131092738055,0.8163985360547069,-1.3444292675585843,,
BTC,XRP,XRP,BTC,0.8433353476263807,0.05701571831427589,0.17538977469129555,0.1623565730663042,0.9949271913603617,0.001582901603827569,True,0.005085719013128835,136.2928582508351,2.8394345468923983,0.0007090344552144242,0.004443562038279856,0.012025570710849816,2.5842283566474733,2.546726288087592,,
DOGE,LDO,LDO,DOGE,-0.01789164764459232,0.057555468020351774,0.17538977469129555,0.16398056102234998,0.996700648998517,0.005773714693469323,True,0.0033048058616354497,209.7391524889536,4.3695656768532,-0.0023402154626983394,0.012624091674283052,-0.01670706801596067,-0.5864363535990395,-1.1380503979173022,,
ETH,OP,ETH,OP,0.06563816384079696,0.0578789028621141,0.17538977469129555,0.16483286830604232,0.9964321692053568,0.004338020096748885,True,0.0035742106823597516,193.9301407107648,4.0402112648076,1.3757355610353475e-05,0.008611750265554503,-0.0022994477640834177,1.5291326856215215,-0.2686103345270226,,
DOGE,WLD,DOGE,WLD,0.3966071915845974,0.06036545319544857,0.17538977469129555,0.170196527145204,0.9968571894403755,0.00816228975605382,True,0.0031477595606333657,220.20334374601217,4.5875696613752535,-0.00043551899845214786,0.008135672373980557,-0.0066122162170367815,1.7695561207394248,-0.7592116465184732,,
ADA,WLD,ADA,WLD,0.1702782681293281,0.06041520736970234,0.17538977469129555,0.17031823888586478,0.9962416641402935,0.0036053291313615787,True,0.003765416149562476,184.08248996342297,3.8350518742379784,8.686594091035185e-05,0.00889881559149963,0.010640991195679295,2.1697822092259074,1.186014604555971,,
DOGE,WIF,WIF,DOGE,-0.9880461244274852,0.06278415483971674,0.17538977469129555,0.17557718198305367,0.9972495305508177,0.006824430117139402,True,0.002754258940459432,251.663767112733,5.2429951481819375,0.0034725117347367647,0.035949865768512904,-0.04077739429357208,1.8509807436366892,-1.2308781989129323,,
SOL,WIF,WIF,SOL,1.0236013107289033,0.0631183333521601,0.17538977469129555,0.17806253270881028,0.9978856442994378,0.0033282530471649974,True,0.002116594106323641,327.48233517662385,6.8225486495129966,0.0096010370735481,0.02885399565358826,-0.02217820954408478,0.6648832256339557,-1.1013811396925486,,
ARB,WIF,WIF,ARB,1.571606238074134,0.06488937865348295,0.17538977469129555,0.18091062780419914,0.9977766325855575,0.004256401517353181,True,0.002225842765529561,311.4088700668105,6.487684793058552,0.007896627464832374,0.028615546859178803,-0.023580382008879353,-1.851663147167963,-1.0999967824698436,,
ETH,LDO,ETH,LDO,0.4902214557707143,0.06572867136751222,0.17538977469129555,0.18272928332079957,0.9966289516451977,0.004200293689305745,True,0.003376743140173841,205.27092283491268,4.276477559060681,0.000644640161105282,0.0059869922505813526,0.0012590342954386102,1.8350576470982927,0.10262150151834068,,
AAVE,ENA,AAVE,ENA,0.6935210824403498,0.06577116550923583,0.17538977469129555,0.1819909752423554,0.9968056699775943,0.005958684692537242,True,0.0031994427853563813,216.64621843917007,4.5134628841493765,-0.002555130697806199,0.019905524436319686,-0.012605045454244568,0.3284812308408215,-0.5048806821739025,,
AAVE,ETH,ETH,AAVE,0.07086510332694468,0.06848079572831933,0.1769471687114314,0.18784513715429185,0.9963633654008403,0.003929287232578016,True,0.0036432632302494748,190.25448801087086,3.963635166893143,9.660981002542852e-05,0.008518400861162673,-0.001558536967249502,1.395776137470821,-0.19430252276822532,,
AVAX,XRP,XRP,AVAX,0.20094545252269078,0.06986397537930898,0.1769471687114314,0.19067306767819692,0.9964858856227896,0.005979460186366747,True,0.0035203033806363677,196.89984231831878,4.1020800482983075,-0.0005075885477439059,0.007306905178846242,-0.009999165842753004,1.4930241900674637,-1.2989873363195628,,
ARB,ETH,ETH,ARB,0.4542117122636856,0.0714191773103988,0.1769471687114314,0.19383713468834285,0.9964953689661584,0.007588890570838114,True,0.0035107866394758114,197.43358162700474,4.113199617229266,-0.0008066137445751243,0.005932607756324708,-0.011130891042291147,-1.0028821855733583,-1.7402595488820896,,
AAVE,LDO,LDO,AAVE,0.047040095048007796,0.07259179613836186,0.1769471687114314,0.1964679401949896,0.9969250082456709,0.007501081861792436,True,0.0030797292558184777,225.06757022566015,4.688907713034586,-0.0020373255480236048,0.012513241432124175,-0.012740889527282917,-0.6392791202707367,-0.8553790029001572,,
CRV,SOL,CRV,SOL,0.047647723950314455,0.07286059888117763,0.1769471687114314,0.19694931554708273,0.9964922985886924,0.005626411992269986,True,0.0035138678200732024,197.2604594288653,4.109592904768027,-0.0016203023652578078,0.010451580647881634,-0.015732385918702407,0.8807161672561101,-1.3502343835719137,,
AVAX,SOL,AVAX,SOL,0.7744103286222691,0.07610099167833921,0.1803950697999253,0.2037434980215358,0.9971409572086646,0.010414083095002802,True,0.002863137660977513,242.0935570116093,5.043615771075194,0.00013831400630538623,0.01139281470001259,-0.00601485996090001,1.3169981184888826,-0.5400925170141314,,
ETH,UNI,ETH,UNI,0.17211129727200447,0.07812066605169547,0.1803950697999253,0.2081297820518247,0.9968692225737771,0.007267372813760442,True,0.0031356885629987606,221.05102807055115,4.605229751469816,0.0005853702827635861,0.008165536467002832,0.003056575877882217,1.6349030082484797,0.30263848616742384,,
ADA,OP,ADA,OP,0.3402363214014233,0.07907088509648569,0.1803950697999253,0.20976035211609173,0.9961697857465939,0.007547568148988937,True,0.0038375683084299244,180.62145735290758,3.762947028185575,0.0009052860751737442,0.008310694185228795,0.02175810100472031,2.437859444500886,2.509154405730607,,
DOGE,ETH,ETH,DOGE,0.11291934177908863,0.08051947565720219,0.1803950697999253,0.21287864979240595,0.9966540957541866,0.005769426242670406,True,0.003351514300724226,206.8161190331677,4.308669146524327,-1.7988261671204854e-05,0.008511809822300515,-0.0028995376105100945,1.106699006325365,-0.338535447689324,,
ETH,XRP,ETH,XRP,0.8276971447796042,0.08091249454261357,0.1803950697999253,0.21357344318084898,0.9972546634479602,0.012134110177973723,True,0.0027491118997482605,252.1349460614599,5.252811376280415,-0.0001172219895146007,0.005724844256168144,0.0008575362281639798,-1.0642146420853917,0.17026807613645428,,
ADA,AVAX,ADA,AVAX,0.2768891243902974,0.0845563424520629,0.1815044291932581,0.22104388861569368,0.9971363047122083,0.0054219988058135105,True,0.0028678035081444626,241.69967663106323,5.0354099298138175,-0.0017658604679908596,0.009521019816535616,-0.0020395846332528222,2.190719560075445,-0.02874945862275937,,
CRV,ETH,ETH,CRV,0.47610252733867303,0.08846974900354765,0.1815044291932581,0.22864778891078458,0.9970194820342442,0.008619481732826895,True,0.0029849685550020436,232.21255694583715,4.837761603038274,0.00039094639654325514,0.00723261056385868,0.0005364221458714624,0.6508290637603278,0.020113864564359225,,
SUI,WIF,WIF,SUI,-0.1393321935722556,0.08918762366741412,0.1815044291932581,0.23002596325976948,0.9980006957975089,0.008562643451999197,True,0.002001305479023389,346.3475155717817,7.215573241078785,0.010983237796902738,0.03504639209065171,-0.007832835061785781,1.3626861169463076,-0.5368904396783122,,
UNI,WIF,WIF,UNI,0.034605268045310444,0.0892180719707264,0.1815044291932581,0.23020211440047333,0.9980823522120997,0.008434074570641048,True,0.0019194888284408739,361.11029680905295,7.5231311835219365,0.011901740870373602,0.034283600380805135,-0.006093733702661863,1.354719775308804,-0.5249003714064657,,
AVAX,SUI,SUI,AVAX,0.48616633049720526,0.08937074995553473,0.1815044291932581,0.22960390408585452,0.9971014310179409,0.008849459435745555,True,0.002902777968456882,238.7875297704642,4.974740203551337,-0.0007815980371047584,0.009582846439467992,-0.0007629490742006584,0.7625698456044526,0.0019460776108539345,,
LDO,OP,LDO,OP,0.07625773819126003,0.08950700372366743,0.1815044291932581,0.2298810795208654,0.996999878833557,0.008158821974250552,True,0.003004630551342208,230.6929816214201,4.8061037837795855,-0.0018979509935821487,0.012413816746201733,-0.011070870502851271,-0.5709736800285293,-0.7389282198060293,,
ENA,OP,OP,ENA,0.6939602966737668,0.09312944437152082,0.1815044291932581,0.23738123647317322,0.9973410127169625,0.011357936002258429,True,0.0026625286687825974,260.3341660455723,5.423628459282757,-0.0021160413558576475,0.014633006105242421,-0.0069905730291917045,-1.180144821043761,-0.3331189530213964,,
ENA,WIF,WIF,ENA,-0.008928174404053954,0.09333183634195336,0.1815044291932581,0.23822401541815985,0.9980757167923907,0.008948056628568679,True,0.0019261370190947892,359.86390048497066,7.497164593436889,0.011391882084182786,0.0346105074915282,-0.008804419131421382,1.3226679476501189,-0.583530918191469,,
BTC,WIF,WIF,BTC,0.4377826658695373,0.09342139737888283,0.1815044291932581,0.23861366847279508,0.9981761379785942,0.008947331972847694,True,0.001825527282855183,379.69697142835406,7.910353571424043,0.01357808477324592,0.03357963380110451,0.0029016990965125,1.5342104592618715,-0.3179422902575623,,
AVAX,CRV,CRV,AVAX,0.13027194518431665,0.0973054066537925,0.1863878211959969,0.24497028020982997,0.9967238822674528,0.007450035166795654,True,0.003281495955920457,211.2290217238796,4.400604619247492,-0.001780189352948565,0.010194148880500999,-0.015683948423154792,0.7356506282253247,-1.363896018509288,,
AVAX,WIF,WIF,AVAX,0.857788436550206,0.10307273276576245,0.19294511200771733,0.2578171764146935,0.9981199984556689,0.007476520460012015,True,0.0018817709652582794,368.34832365734184,7.673923409527955,0.010963553932105066,0.03106326020435654,-0.01205692738248687,-0.4896738069138281,-0.7410838773247431,,
LDO,SOL,LDO,SOL,0.5659075886746517,0.1047695209623678,0.19294511200771733,0.258599146460636,0.9955695645545429,0.0035541983700262403,True,0.004440278909222033,156.1044237830072,3.252175495479317,-0.0019206972209700978,0.007399721049085212,-0.023928841868353423,-1.344118281819806,-2.9741857161094027,,
LDO,XRP,XRP,LDO,0.248873292844569,0.10517973976079481,0.19294511200771733,0.26009078703413613,0.9967464767506665,0.006073739208425799,True,0.003258827464149323,212.6983364984261,4.43121534371721,0.00013563758799853832,0.00731881011581638,-0.005048550129078226,2.087508589698455,-0.7083375077423348,,
ADA,CRV,ADA,CRV,0.9463887544381824,0.10710624387107637,0.19294511200771733,0.26339038850432483,0.9939236390929698,0.000255261200315271,True,0.006094897114570133,113.72582137653234,2.3692879453444236,0.00012016509809283422,0.006392136304145852,0.013522203757184492,1.301109845998236,2.096644693011205,,
ADA,SOL,ADA,SOL,0.1491560785538437,0.10988444794548863,0.19294511200771733,0.2689289117542183,0.9971786903328572,0.0071435928656669034,True,0.0028252970628129628,245.33603552110168,5.111167406689618,-0.0017117607481368614,0.01058019931509858,-0.002803735292703724,2.333067469500451,-0.10320926024602858,,
OP,WIF,WIF,OP,-0.636813781345944,0.11045096860361919,0.19294511200771733,0.2698264187265349,0.9977045725559857,0.014299961324284016,True,0.0022980659760689377,301.6219672446655,6.283790984263864,0.0030997247748512204,0.03729028261337994,-0.05016033952735799,0.3895698230773075,-1.4282558503082847,,
SOL,XRP,XRP,SOL,0.12642167306035848,0.1106596965926614,0.19294511200771733,0.2699667097996582,0.9966523482076753,0.0072849482606558436,True,0.003353267715525619,206.70797543264322,4.306416154846734,-0.0004934083048093434,0.007880451865529313,-0.010804709403796846,1.7646431002346725,-1.3084657168063185,,
DOGE,SOL,SOL,DOGE,-0.2510397347429294,0.11307421451878108,0.1946594072728383,0.27460244372352677,0.9975200484654031,0.016651327357597,True,0.0024830317079113833,279.15357598996997,5.815699499791041,-0.0005618942207080912,0.018236869148483065,0.005491897661373812,1.2644476267200921,0.3319534637657613,,
BTC,DOGE,BTC,DOGE,0.336624763457381,0.1148762665676718,0.19528965316504207,0.27711327705054567,0.9968370190336314,0.014798801617988078,True,0.0031679937637112744,218.79688921733546,4.5582685253611555,-0.0005268239197739697,0.0055028218904254215,-0.013849012808075045,-1.0715457744667756,-2.4209740299755804,,
ETH,SUI,ETH,SUI,0.427854139555073,0.11935238332709597,0.20039412509240806,0.28587452158631566,0.9972586814484214,0.01420343479171371,True,0.0027450828462736135,252.50501328252318,5.260521110052566,-0.0003301830291489665,0.006807855258017371,-0.007287357517105519,0.4206927093447582,-1.021933373181419,,
AVAX,WLD,AVAX,WLD,-0.11271223306778122,0.12443521234829313,0.20520005602423175,0.29497075640662296,0.9974240868726238,0.015371413277060153,True,0.0025792364999688826,268.7412265483634,5.598775553090904,-0.0005591290232372596,0.017954041710426964,-0.002857262575369557,1.6639553965773313,-0.128000903038876,,
ARB,DOGE,ARB,DOGE,-0.05861068304810939,0.1292342725742262,0.20520005602423175,0.30336161569815345,0.99717321995508,0.01157595217268792,True,0.002830782932933477,244.86059050866623,5.10126230226388,0.0007696309698859792,0.014909373447457535,0.007944238740805964,2.5079831036513793,0.4812145725777267,,
AAVE,UNI,AAVE,UNI,1.142056201827046,0.1300144590689074,0.20520005602423175,0.3047294252518075,0.9973184553380372,0.013151686613199987,True,0.0026851464431822264,258.14129516842337,5.3779436493421535,-0.0014960256174537487,0.02054553276273952,-0.007367966974973328,0.807609873758331,-0.2858013673983999,,
ADA,ARB,ADA,ARB,0.3031454150846406,0.13134668665112398,0.20520005602423175,0.30740594966151413,0.9974393501968714,0.008309340480783467,True,0.0025639338742711303,270.34518616709323,5.632191378481109,-0.0021268315429146065,0.009758265908745734,-0.0037409619431829633,1.7013178822464812,-0.16541160236489466,,
OP,UNI,UNI,OP,0.5659663279878772,0.13195135019902499,0.20520005602423175,0.30800239045222766,0.9968335585476122,0.00996525133696502,True,0.0031714652359375256,218.55739508210064,4.55327906421043,-0.0018971292680684012,0.01115249777031095,-0.018910942607518022,0.66983493349161,-1.525560792734886,,
ADA,ENA,ADA,ENA,0.23230310238077562,0.1321355735406879,0.20520005602423175,0.3082974493018498,0.9969265943329048,0.01122166056811813,True,0.003078138277601409,225.1838995030689,4.691331239647268,0.0004744869528036588,0.009585073232039328,0.019055149451047804,2.3250963780654392,1.9384997953000416,,
AAVE,WIF,WIF,AAVE,-0.4628299256623703,0.13325677787423912,0.20520005602423175,0.3107035048061835,0.9978181114884881,0.014093126563690106,True,0.0021842722983194743,317.335517688539,6.61115661851123,0.0046077755732108665,0.037271976546392735,-0.0412348122577475,1.2792386284074875,-1.2299478610665502,,
CRV,SUI,CRV,SUI,0.49611586190488394,0.13428533078056343,0.20520005602423175,0.311313866959867,0.9965958868359417,0.008144392749450002,True,0.0034099203398762603,203.27371653060328,4.234869094387569,-0.0014414515898717238,0.008283495158129185,-0.01582442802698303,0.2307826009589375,-1.736341503501244,,
BTC,LDO,LDO,BTC,0.3715124063669769,0.13804504375045662,0.2073862876908581,0.3185631881109785,0.9974357724398503,0.012173863768669246,True,0.0025675208226274403,269.96750112064205,5.624322940013376,-0.0020593021972333974,0.011904350734264572,-0.006825997061762568,-0.6977666193810655,-0.40041619832395237,,
ENA,LDO,LDO,ENA,0.17824187363752766,0.13990595097882752,0.2073862876908581,0.3217620764035173,0.9969726192224156,0.007330459786032861,True,0.0030319725645040108,228.6126163128177,4.762762839850368,-0.0009501230920630327,0.011273524357450139,-0.0009227483197089548,-0.6779499956262218,0.0024282355265403126,,
LDO,UNI,LDO,UNI,0.20331646394849223,0.1402907240261687,0.2073862876908581,0.32232343568727184,0.9973672922840806,0.012819731864133432,True,0.0026361793854776387,262.9362722348869,5.477839004893478,-0.0013510113676287142,0.011974534726792333,-0.004659025033738606,-0.6346403243085483,-0.2762540459052995,,
ADA,DOGE,ADA,DOGE,0.4871379053804239,0.14531984734480086,0.2125107445042249,0.3304105057273606,0.9962189903888732,0.005306087828218065,True,0.0037881756970292984,182.97651323393313,3.812010692373607,0.0004365301483435733,0.007214263021359139,0.015394793252778705,1.6150063595503814,2.073429130619229,,
AAVE,SUI,SUI,AAVE,0.2287258086376907,0.15171108601020067,0.21736447857890115,0.3410140734916325,0.9971662246222506,0.014997218546977775,True,0.0028377981206925014,244.25528211668495,5.08865171076427,0.0016178225011459066,0.012027646322861687,0.017914568147299803,1.4126285375866676,1.3549405435357431,,
ETH,SOL,ETH,SOL,0.34339177505557883,0.15183548136026181,0.21736447857890115,0.34073665150256005,0.9968202505279896,0.011218568674042473,True,0.003184815617595808,217.64122755815816,4.534192240794962,-0.0006669780049225892,0.006238430329263544,-0.011382390040209245,1.5549851472937604,-1.7176455405812998,,
ARB,CRV,CRV,ARB,0.1820670697425036,0.15436744946315856,0.21868722007280794,0.34541049274067165,0.9970073830995516,0.011217608769529042,True,0.002997103732219827,231.27233572478346,4.818173660932989,-0.002048819781662283,0.010205680675051766,-0.016874342979762424,0.4929834833596406,-1.4526736305145997,,
SUI,WLD,SUI,WLD,0.10825552489263661,0.1567579195676519,0.21978429960000678,0.3493625980722457,0.997422336331275,0.016461566540455497,True,0.0025809915637457384,268.558483606198,5.594968408462459,0.0006656167298594676,0.012569527514862946,0.00874987020675605,1.4423445747409573,0.64316287683346,,
BTC,WLD,BTC,WLD,0.11126776782008174,0.1638668056388699,0.22740699558047253,0.3595979396974995,0.9973024687191991,0.02790152534139967,True,0.0027011761745919256,256.6093937448049,5.346029036350102,-0.0010258395590394614,0.007369378491679609,-0.017561849884527803,-0.12035800500238562,-2.2438812640928014,,
CRV,LDO,CRV,LDO,0.265520078801184,0.17063388805213958,0.23440614924334327,0.37128697767012153,0.9970715942291838,0.011058191791728955,True,0.0029327019403305355,236.35104919043457,4.923980191467387,-0.0012325810186056688,0.009866881078426804,-0.010795751335137993,1.0301586424212918,-0.9692191727577906,,
ARB,XRP,XRP,ARB,0.27696785076137465,0.17353502071908866,0.23600762817796056,0.3754690542107265,0.9969245328536881,0.011714905864641745,True,0.0030802061142503503,225.03272665850187,4.688181805385455,-0.0007261937000151711,0.007230787280338109,-0.011797080049242674,1.1129533262310898,-1.5310762051224154,,
AAVE,SOL,SOL,AAVE,-0.12691222182079517,0.17914686718082118,0.2412274647187295,0.38445227084788514,0.9978289979832936,0.024949394556870397,True,0.002173362057972916,318.92853655798166,6.644344511624618,-0.0006944687152523731,0.01847061641343919,0.004707461667821988,0.9675679878316635,0.29246075291477147,,
AAVE,ARB,ARB,AAVE,0.031539429201234606,0.18217114080542884,0.24289485440723846,0.3889741203778583,0.9975029702059918,0.01845485928859336,True,0.002500152572434661,277.24195243210903,5.775874009002272,0.0015010774340320377,0.015026692822192636,0.01214782375721768,2.498339679663362,0.7085222576362022,,
OP,SUI,SUI,OP,0.2798992464076084,0.19406085208081691,0.2551284586856353,0.4066058620347622,0.9975091287194419,0.02546861841251591,True,0.002493978661556195,277.9282723002268,5.790172339588058,0.0020942465645226085,0.011910248361059693,0.02002340652143153,1.6349441612803972,1.5053556746581316,,
ARB,OP,ARB,OP,0.04752173163922366,0.1950982331125446,0.2551284586856353,0.4081434091426895,0.997569665130174,0.020353004729747326,True,0.0024332929273011734,284.8597358677783,5.934577830578714,0.001664847454675164,0.015035418247668218,0.01302894659551157,2.546684281373674,0.7558219501209298,,
ADA,ETH,ADA,ETH,0.6994878796121449,0.20666991676225532,0.26653337517750814,0.42531731872080936,0.9978683759154114,0.013551310702554886,True,0.0021338992289508807,324.8265762299971,6.76722033812494,-0.0016463116112038995,0.008758842439484759,0.003900920587993628,2.539946831315227,0.6333293740038832,,
AAVE,WLD,AAVE,WLD,0.4832609856445471,0.20773924830011664,0.26653337517750814,0.4262728008246206,0.9975794232449012,0.028099565943799476,True,0.002423511087152797,286.00949433834546,5.958531132048864,-0.005065853888097914,0.021516970425049586,-0.03940236756067783,0.3160027158116473,-1.5957875571835196,,
OP,SOL,SOL,OP,-0.09730689671759862,0.2133889897947614,0.270450198745874,0.43431127606679215,0.9980227358447612,0.03329941397255021,True,0.0019792215225890495,350.21202662207764,7.296083887959951,-0.0002466095993350976,0.018765455397367226,0.007373259471731508,0.8184682774724781,0.40605830818982763,,
BTC,ETH,ETH,BTC,0.5944940356799018,0.21508978987965904,0.270450198745874,0.4365712683200696,0.9980187036322266,0.039898227331821357,True,0.0019832617318301018,349.49859084929113,7.281220642693565,0.0010319043919378124,0.0075647612418598105,0.008222618695148398,1.826734338075569,0.95055403248163,,
DOGE,OP,DOGE,OP,0.6329506871814823,0.21732064958869513,0.270450198745874,0.4397306613358308,0.9980310278060669,0.03804623376631322,True,0.0019709131679177035,351.68834012726427,7.326840419318006,0.0011115701426179468,0.010142921535181912,0.008731420915160104,2.1087759196090317,0.751248123739478,,
LDO,SUI,LDO,SUI,0.5008429357289255,0.21874648427975102,0.270450198745874,0.4416768678466938,0.9978629863806063,0.030297072108637968,True,0.002139300291345294,324.00649098405034,6.750135228834382,-0.003181928975541801,0.011022923500431636,-0.016871466230274468,-1.2719355541013693,-1.2419152917278806,,
AVAX,DOGE,AVAX,DOGE,0.015529716975515473,0.2226885371126715,0.2728436130389489,0.44714174171208837,0.9980533424671314,0.03540677563345018,True,0.001948554733176411,355.7237416831605,7.410911285065843,0.0010246923124867782,0.01864299425764085,0.005193341718154665,1.647162551999929,0.22360407067976013,,
SOL,SUI,SUI,SOL,0.3646246876481226,0.23848264948539533,0.2895860743751229,0.46835516915323994,0.9978318061600682,0.025624113807231952,True,0.0021705477753365763,319.3420520091811,6.652959416857939,-0.0009465702450000272,0.011324912521926491,-0.0035232945911241598,1.4764004222585891,-0.22752708607110758,,
AVAX,OP,AVAX,OP,0.07055349814615018,0.24493621249425201,0.29479048583379003,0.476760221703287,0.9981526717051383,0.041041085977125524,True,0.0018490367101029314,374.8693450879942,7.809778022666546,0.0018747089377103435,0.018611029551568885,0.009345030330213833,1.6920007613015942,0.4013921622016742,,
ARB,SUI,SUI,ARB,0.5603849523227741,0.24865223060119568,0.29663774878739135,0.4816624068011569,0.997754049377611,0.02122722956068257,True,0.00224847655227265,308.2741422672814,6.422377963901695,-0.0013496096818191887,0.010193653854293657,-0.004028223357911254,0.013588381163785782,-0.26277267350644923,,
DOGE,SUI,SUI,DOGE,0.39082545601711816,0.2547543905814151,0.29834886477743977,0.4891984260019863,0.997729618826925,0.028795791293861006,True,0.002272962396057299,304.9532107360354,6.35319189033407,0.0015830869681304994,0.011452635448942632,0.014459776807399127,0.8396177600906239,1.1243429424323002,,
ADA,LDO,ADA,LDO,0.36263147851534266,0.25501024157034674,0.29834886477743977,0.4898592658770623,0.997796202158606,0.020237001311735225,True,0.0022062297775108796,314.1772392094038,6.545359150195913,-0.0008354630181441631,0.01024697816416135,0.005099495227806727,2.543611385713963,0.579191069881296,,
ENA,SUI,SUI,ENA,0.21628985369249054,0.25666777337470925,0.29834886477743977,0.49149658592158185,0.9977057911505957,0.0324103814746175,True,0.002296844578573804,301.7823613430327,6.287132527979847,0.0018367595922684629,0.01237950159525945,0.019946149615200526,1.373417153318648,1.4628529172666198,,
SOL,UNI,SOL,UNI,-0.030467766604521107,0.27471471738456843,0.3166203522398416,0.5141986985172761,0.998238404274939,0.04711897724101455,True,0.001763149159427195,393.13019936732536,8.190212486819279,0.0006930202072929611,0.019149790437950127,0.0120922124351166,0.9324710024681991,0.5952645938742636,,
AAVE,AVAX,AVAX,AAVE,0.13316372290716338,0.27830863626739843,0.31806701287702677,0.5184945673545065,0.9982053985984052,0.04525966868337128,True,0.0017962136278478573,385.8935094432187,8.03944811340039,0.0029414517094327247,0.018392690304196928,0.014228533710866298,1.694941506185138,0.6136721607745461,,
AVAX,ENA,AVAX,ENA,0.2157671788025592,0.28579953536363906,0.3239061400787909,0.5273036621810432,0.9984235727452215,0.07034386396694492,True,0.0015776711236409986,439.3483344997014,9.153090302077112,0.004689437540447312,0.01825723627551531,0.023068698071875282,1.7302173126588158,1.0066836104912715,,
AVAX,UNI,AVAX,UNI,0.1480654569043939,0.2919505848122849,0.32814280607000623,0.5347286503775069,0.9983353200250676,0.05383693463089334,True,0.0016660670942620851,416.0379752695049,8.667457818114686,0.002803474143389966,0.018613147943128135,0.013021174005310554,1.6999647880037094,0.5489506607447829,,
ARB,UNI,ARB,UNI,0.16647348907698875,0.30221027172068915,0.3368901389673256,0.5465936108267743,0.9979722652303626,0.03821044628707693,True,0.002029793407170051,341.4865661261236,7.114303460960908,0.0030334417746705955,0.015100237094985761,0.019265487912686563,2.593083868678185,1.074953064373144,,
BTC,SOL,SOL,BTC,-0.017426817707498432,0.3079736690721465,0.34052373165700756,0.5532498490665329,0.9982992848548098,0.05207786863574482,True,0.0017021630030214484,407.21551304402965,8.483656521750618,0.0010040233875165012,0.019237095982230532,0.013373138501811432,0.9477053220927375,0.64298245045512,,
ARB,ENA,ARB,ENA,0.1845681638720983,0.3375489263550595,0.3702149514861943,0.585617619015813,0.9980394976552905,0.05045776882952491,True,0.001962426644905958,353.20921796450733,7.358525374260569,0.003932788589295223,0.014883393117102711,0.025616768532540135,2.842948096898004,1.4569244911180605,,
SUI,UNI,SUI,UNI,0.28588810730073266,0.3484997123722363,0.37916768706099313,0.597082019860176,0.9980275146836002,0.04466735271307254,True,0.0019744332274669947,351.0613430311774,7.313777979816195,0.0021030376122897995,0.01294438523639794,0.01761930696150743,1.6133962876820311,1.1986872351100835,,
OP,WLD,WLD,OP,1.3326952899909073,0.3697448024878829,0.3990896280821593,0.6189852271206702,0.9985540056377374,0.07506884373217138,True,0.001447040821014362,479.01010841840355,9.97937725871674,0.0019082214859906929,0.027584955675162375,0.021278824617255054,1.0607637038702924,0.702216213771398,,
AVAX,BTC,AVAX,BTC,0.4453583132963935,0.3736966626167345,0.4001791032746133,0.6228747420320925,0.9985601838807725,0.0775838945966234,True,0.001440853650478491,481.0670260159726,10.022229708666096,0.003094315152099422,0.018742737278310127,0.01581341365365052,1.7031416513850688,0.6786147782304012,,
DOGE,ENA,DOGE,ENA,0.40920718558022423,0.3800349022896453,0.4037870836827481,0.6292640809052308,0.9988643908220511,0.09736216498588846,True,0.0011362544706311688,610.028121759481,12.708919203322521,-0.0018947743217691145,0.014152332250384123,0.0017468079842672957,1.892189518196779,0.2573132287745414,,
ENA,SOL,SOL,ENA,0.0765433333606872,0.3959826806202684,0.41747011290198843,0.6444895393104486,0.9985783379642579,0.08454772385494636,True,0.0014226735560210406,487.2144966963131,10.150302014506524,0.0026712847956677885,0.019656303403938997,0.020332627806154413,0.9388297071762904,0.8985078550907698,,
ARB,BTC,ARB,BTC,0.4540076481605075,0.4059948779353244,0.4247331030708009,0.6538918068376632,0.9983204026350532,0.0665189967297517,True,0.001681009470001125,412.33984277285566,8.59041339110116,0.0033548856667208007,0.015351672462669781,0.021236824112263353,2.8755798555223158,1.1648202167565485,,
ADA,UNI,ADA,UNI,0.37873483192125684,0.4302251850986172,0.44664599369016744,0.675652906546071,0.9977573562782796,0.03945310324817575,True,0.0022451622132424135,308.7292207536833,6.431858765701736,0.0012390564412918493,0.010222682802031239,0.02059468341799775,2.522732485440449,1.8933999373295582,,
ENA,WLD,WLD,ENA,0.7111247061866003,0.525159015487903,0.5410729250481425,0.7547881897336215,0.9992021759514517,0.1433035369439879,True,0.0007981424795337528,868.4504312624206,18.092717317967097,-0.012891841362583107,0.03513468851991751,-0.006252249038410929,-0.061362586781447015,0.1889754144371668,,
ADA,BTC,ADA,BTC,0.9413852188304308,0.5313609327639982,0.5433465177135621,0.7592094003898995,0.9981046635718347,0.053007925832585734,True,0.0018971348510234542,365.3652665681676,7.611776386836826,0.000557455866488031,0.009294996416006476,0.022791862153682896,2.5972332607041904,2.392083363142135,,
UNI,WLD,WLD,UNI,1.519850138305103,0.5717196527512619,0.5802527818968031,0.7898435735539482,0.999040110940779,0.14158240036819225,True,0.0009603500477461294,721.7651336475803,15.036773617657923,0.0007689183352345035,0.034267805934481685,0.01877020631485249,0.4470029420893751,0.525311950640655,,
DOGE,UNI,DOGE,UNI,0.7742489115980606,0.59000327013554,0.5941154551941454,0.8029113189942825,0.9989016719546854,0.12543234838010742,True,0.0010989316495729846,630.7463988586403,13.140549976221672,0.002044571583355895,0.01344069674390634,0.010492918536399998,2.0476861833049282,0.6285646580691111,,
BTC,SUI,SUI,BTC,0.837375968282009,0.5941154551941454,0.5941154551941454,0.8055186990136416,0.998575801908343,0.11100094113120185,True,0.0014252132257082174,486.34630107049867,10.132214605635388,0.0025319364690389013,0.012908711002565324,0.022447298469409016,1.6139217557683556,1.5427847130834653,,
