asset_a,asset_b,n_obs,pearson_r,pearson_p,pearson_q,significant_after_fdr,direction,hedge_ratio,adf_p,adf_q,is_mean_reverting,half_life_hours,half_life_hours_ci_low,half_life_hours_ci_high,current_rolling_zscore,current_ou_zscore
ARB,LDO,4620,0.6322645515585029,0.0,0.0,True,positive,0.7204909138278417,0.0002673287543815849,0.03635671059589555,True,1.162871242186297,0.16833531915061425,0.23697508934740127,2.9739309710024058,2.3471285877449106
AVAX,LDO,4620,0.6114710796872769,0.0,0.0,True,positive,0.5187695728691836,0.0016726003496238988,0.08081294972627671,True,1.641135276840414,0.18214574534166275,0.2457911210439526,3.1719645942904195,2.3874382461845123
BTC,DOGE,4620,0.8550105721694405,0.0,0.0,True,positive,0.34923113182673915,0.002292241184688645,0.08081294972627671,True,4.585315198429762,0.18984831670774413,0.2529707212719039,3.050249189064079,3.38512765366384
AAVE,BTC,4620,0.48464311600604876,8.258085000418084e-271,1.1578345979967623e-270,True,positive,0.20763881483821686,0.0023768514625375505,0.08081294972627671,True,4.468434232013863,0.1810660906859083,0.24308616089699575,2.897328927177313,3.9386624077906536
ARB,AVAX,4620,0.7150084423239159,0.0,0.0,True,positive,1.1028719643433664,0.003295787153784682,0.08964541058294336,True,2.3512662599682117,0.1955855643082721,0.24421831233680527,1.4162377195586926,0.21506896163069103
BTC,SOL,4620,0.8738149909517523,0.0,0.0,True,positive,0.0025451522564285552,0.005880142156791359,0.10243897142599911,True,3.9637955688762507,0.19530181364583887,0.2523770660013696,2.9774203772929155,2.598538753390536
BTC,WLD,4620,0.47818726627719865,1.0876032658079468e-262,1.4644954866324828e-262,True,positive,0.10914799325082683,0.006382972076376243,0.10243897142599911,True,5.547769588024942,0.1867731343884542,0.2530505095488546,2.659585030531886,3.2953631363639726
BTC,WIF,4620,0.49059543143217144,1.8814940791082545e-278,2.7514322017066946e-278,True,positive,0.018001809248032262,0.006796759090065655,0.10243897142599911,True,4.140043612115032,0.1968838977712668,0.25245042065398765,2.975753920635549,2.6186250626451084
AVAX,BTC,4620,0.6508795481670964,0.0,0.0,True,positive,0.08463800735719912,0.007224398457762352,0.10243897142599911,True,4.3425039826759635,0.1979966446407088,0.25610451085080993,2.982814178495353,2.355074782468551
ARB,BTC,4620,0.677015120800309,0.0,0.0,True,positive,0.12862051489629073,0.007532277310735229,0.10243897142599911,True,4.5847253956035185,0.19834093447840653,0.25500780653797045,3.028093333505688,2.267311907110894
UNI,XRP,4620,0.748473517228348,0.0,0.0,True,positive,0.27821832535234786,0.008655767825927703,0.10701676584783341,True,2.487321140416892,,,-0.46760526526416096,0.3813420843863792
BTC,XRP,4620,0.8655405141287658,0.0,0.0,True,positive,0.8933279838549684,0.01043684093737408,0.11057221823004465,True,2.952312116600131,,,3.0750147004032784,0.5512514802896448
LDO,WLD,4620,0.6277552215190193,0.0,0.0,True,positive,-0.0746140484043089,0.010569403213166031,0.11057221823004465,True,2.070623736586447,,,3.475912149282324,2.6316624464171605
BTC,UNI,4620,0.6951255833349428,0.0,0.0,True,positive,0.3524443858518463,0.017777125101303328,0.1698031464592651,True,1.6714981017559432,,,-0.12732902909187693,-0.8849308246367474
BTC,OP,4620,0.6372929530470866,0.0,0.0,True,positive,0.2215963316629385,0.018728288212418943,0.1698031464592651,True,4.71323897274191,,,2.967230172729454,3.5542272494342946
CRV,WIF,4620,0.48830684774422944,1.7014193305936637e-275,2.4357160943235607e-275,True,positive,-0.04638504192667108,0.02273068354547887,0.17378192281884766,True,4.348849175866971,,,2.9077950104146817,3.832901149667571
CRV,XRP,4620,0.6946285390184467,0.0,0.0,True,positive,0.5899881167784446,0.024609518206609376,0.17378192281884766,True,1.5785445520854946,,,-1.2825551499857408,-1.888502267485884
BTC,ENA,4620,0.3931707307194809,1.2056342781626705e-170,1.3439857527059278e-170,True,positive,0.19198052636381627,0.02478697035190656,0.17378192281884766,True,2.6064054169382422,,,2.789806993788555,3.8066243918685085
BTC,SUI,4620,0.7978712584667209,0.0,0.0,True,positive,0.3127754356285857,0.02506963544623015,0.17378192281884766,True,4.847141450012109,,,3.0940975158189543,1.0931596927920284
SOL,UNI,4620,0.6506979622852996,0.0,0.0,True,positive,-0.018306668998914755,0.025648450032972107,0.17378192281884766,True,2.290039852495729,,,3.427906155400405,3.9820096656356396
UNI,WIF,4620,0.2837308952694725,2.8389383562740976e-86,2.9249667913127067e-86,True,positive,0.011714879471352703,0.026833973376439713,0.17378192281884766,True,2.3034156940369663,,,3.4267674230370737,3.922832795070423
LDO,WIF,4620,0.5790545013603061,0.0,0.0,True,positive,1.1903178081086234,0.03185121049738031,0.17764022043558383,True,6.560442141026759,,,-3.3921700577763114,-1.7750683993073004
SUI,XRP,4620,0.774590306253548,0.0,0.0,True,positive,0.42394116352049893,0.03315219561445454,0.17764022043558383,True,2.164440483625959,,,2.254179456706999,0.5057471855400096
ARB,XRP,4620,0.6914191198968067,0.0,0.0,True,positive,0.27624703107462484,0.0338854494666713,0.17764022043558383,True,2.672958310350056,,,2.707706639396552,2.286746384220811
SOL,WLD,4620,0.455096447728682,4.902243477571679e-235,6.2896708768844186e-235,True,positive,-1.1996987746774719,0.0339491589663004,0.17764022043558383,True,3.3609253518271562,,,3.673456664465139,0.9282283254214287
AVAX,XRP,4620,0.6716246510618548,0.0,0.0,True,positive,0.2038740129693946,0.034214976264093394,0.17764022043558383,True,2.576001615038015,,,2.594866944516426,2.397238671328784
DOGE,WLD,4620,0.6073277613054806,0.0,0.0,True,positive,0.3830749565848938,0.03697129561615769,0.17764022043558383,True,5.738214251702409,,,1.801984839554758,3.040814987550491
AAVE,OP,4620,0.3834255204940678,1.0690330529491628e-161,1.1724878645248884e-161,True,positive,0.9260081084066728,0.037791942738352735,0.17764022043558383,True,3.3638176162589932,,,-1.2339563084714047,-1.3699752323920056
ARB,UNI,4620,0.46826884022541776,1.499802004457419e-250,1.9997360059432252e-250,True,positive,0.22467090037976292,0.03899896736454467,0.17764022043558383,True,2.347987920648509,,,3.440764879348375,3.7017413888646873
CRV,SUI,4620,0.7429415826253176,0.0,0.0,True,positive,0.5207844027907225,0.039572952346565514,0.17764022043558383,True,3.661760491555764,,,2.969568920405204,3.2561938857797044
SOL,XRP,4620,0.8543255122667854,0.0,0.0,True,positive,0.131436463258699,0.04049152083458161,0.17764022043558383,True,2.8082397295045145,,,2.4841602467904704,1.584706157841021
BTC,LDO,4620,0.8218108147104418,0.0,0.0,True,positive,0.18687359060257688,0.042822436396606156,0.18199535468557618,True,6.0403835165774735,,,2.8344896071834618,1.895717278592676
AVAX,UNI,4620,0.44519426257489103,8.163220600377415e-224,9.912482157601148e-224,True,positive,0.13577489227471545,0.045887987960830684,0.1848752036364048,True,2.323729986096586,,,3.4212464113450713,3.763388209235906
ETH,SOL,4620,0.8765980175714605,0.0,0.0,True,positive,0.3536470842685832,0.050009102083130745,0.1848752036364048,True,3.1045584278156446,,,3.7393159836740817,4.002189733376043
SUI,UNI,4620,0.5501023149532351,0.0,0.0,True,positive,0.5312301882046903,0.05205314216520767,0.1848752036364048,True,2.148288839262961,,,3.42798272194969,3.00625221616502
CRV,SOL,4620,0.7298794243940605,0.0,0.0,True,positive,0.08175983078186684,0.052365127272545144,0.1848752036364048,True,5.010194799351815,,,2.8892878308196073,3.4347641078529816
DOGE,UNI,4620,0.6550535856440727,0.0,0.0,True,positive,0.7285919746795749,0.053457651211450706,0.1848752036364048,True,1.8703731289087313,,,3.474117254154561,5.082378568739733
WIF,XRP,4620,0.4903967445550347,3.4044928658604377e-278,4.9256492527342503e-278,True,positive,0.05156902095556363,0.05390755315810265,0.1848752036364048,True,2.6605329950440177,,,2.6342121906806746,3.0086065472262273
DOGE,WIF,4620,0.5753223540053745,0.0,0.0,True,positive,-0.9408401868290528,0.0543070914243437,0.1848752036364048,True,4.10307318706001,,,2.4591503373763595,0.05114724508831418
WLD,XRP,4620,0.5586576755027277,0.0,0.0,True,positive,0.0722263977912098,0.05437505989306024,0.1848752036364048,True,3.039804963782558,,,2.463977503056397,3.606638237314126
LDO,SOL,4620,0.8020610620983883,0.0,0.0,True,positive,0.5282447313647898,0.056487196617052905,0.18737216438827306,True,1.9879461392746702,,,1.2003497510161072,-1.9749400898009783
AVAX,CRV,4620,0.521820453743685,4.02e-321,6.433e-321,True,positive,0.1427217877309718,0.059154349893303426,0.19154741870212538,True,5.37078408574721,,,2.890923281348642,3.4877057267104155
ADA,CRV,4620,0.6264560374095385,0.0,0.0,True,positive,0.7183145775303356,0.06435445820930687,0.20004087516097727,True,1.1389929657192173,,,0.48067909881433735,-1.3200146350406288
DOGE,LDO,4620,0.8418898132662382,0.0,0.0,True,positive,0.0003122261407879088,0.06545830689231694,0.20004087516097727,True,2.882247983164391,,,3.35978594258522,2.8845053945070775
ARB,WLD,4620,0.491139508242349,3.701404935644063e-279,5.471642078778179e-279,True,positive,-0.12118825457793411,0.06738126099113856,0.20004087516097727,True,3.4399775155947228,,,2.1857418001073707,1.5393200306437365
UNI,WLD,4620,0.5262893095053245,0.0,0.0,True,positive,0.2600901287420378,0.0688465246491727,0.20004087516097727,True,3.0812300110484454,,,3.220824127333793,4.751372001874341
ARB,CRV,4620,0.5164314153123777,1.94942179967e-313,3.04737200867e-313,True,positive,0.19567097487023594,0.07202340660027207,0.20004087516097727,True,5.418068598840627,,,2.9216938125345124,3.463286176700345
LDO,XRP,4620,0.8111899391868752,0.0,0.0,True,positive,0.26556394005206024,0.07246547843846747,0.20004087516097727,True,3.624573545408617,,,2.2166389633305,1.9554002965896597
OP,XRP,4620,0.645178070224906,0.0,0.0,True,positive,0.1603984652291038,0.07282107347690991,0.20004087516097727,True,2.7331881926850943,,,2.592758191261886,3.762038231414666
WIF,WLD,4620,0.43813410062200386,4.8787901165420204e-216,5.871818193360308e-216,True,positive,-0.4917529261218679,0.07375244313265238,0.20004087516097727,True,3.871888759535045,,,0.571292963062377,-1.2651165096031016
OP,WLD,4620,0.3887545688453107,1.4915889957444704e-166,1.649236613180878e-166,True,positive,0.46918194898542614,0.07501532818536648,0.20004087516097727,True,4.782300291929808,,,1.6048674323848007,0.7479995534120176
AAVE,ENA,4620,0.22761287170423694,2.315889335742297e-55,2.3504548482160627e-55,True,positive,0.766730363034418,0.07750218609137365,0.20117525378491707,True,3.4620838704080916,,,2.6474434657305297,1.4353346942379719
LDO,SUI,4620,0.7192734119791941,0.0,0.0,True,positive,0.49510714530569533,0.07839917978382797,0.20117525378491707,True,3.021547562161494,,,3.194734241044013,1.1842521698886082
AAVE,WLD,4620,0.4623529687324392,1.6907579238537149e-243,2.189934072801002e-243,True,positive,0.4973635017690984,0.081956103288016,0.20517350565259418,True,4.800632424827891,,,1.457358367775109,-0.3506529742197148
AAVE,DOGE,4620,0.5292264320894566,0.0,0.0,True,positive,0.5489977277833008,0.08297457949185794,0.20517350565259418,True,4.21516309283012,,,2.270074272696177,2.7378030559659567
CRV,WLD,4620,0.30906648420800475,7.973527026049196e-103,8.341535965713005e-103,True,positive,0.14503656204185056,0.0899104339094064,0.20584558869183756,True,67.34279973822736,,,2.6291806635882105,0.004276875564058145
AVAX,WIF,4620,0.4289699621925963,3.241223061339601e-206,3.800054623639532e-206,True,positive,0.8391222542526252,0.09002577777632487,0.20584558869183756,True,6.773439258464971,,,-0.762454483731151,-1.1093828248199569
ENA,OP,4620,0.4969243868218881,9.567701795147053e-287,1.4457860490444437e-286,True,positive,0.9737709369899255,0.0903149066374842,0.20584558869183756,True,3.6151475352500686,,,2.844115334319197,1.129931413693558
SUI,WIF,4620,0.5161677296455348,4.59624617423e-313,7.10328954198e-313,True,positive,-0.1336774963837847,0.09049917143371805,0.20584558869183756,True,6.2678579893505,,,2.0349661171102746,0.04923556442889032
ENA,WIF,4620,0.27794781672585867,9.96023362382453e-83,1.0184900547670197e-82,True,positive,0.006446398839886685,0.09081423030522245,0.20584558869183756,True,6.52519952526244,,,1.6401600995033714,-0.15958345543300428
DOGE,XRP,4620,0.8713103562956345,0.0,0.0,True,positive,0.27631180569707114,0.0967937592456517,0.21580247962964969,True,2.748246745347904,,,2.6289181869190825,3.551528721401877
ARB,WIF,4620,0.450733059908461,4.79697496338675e-230,6.0406351390796115e-230,True,positive,1.5130818085833515,0.10172679214978325,0.21832134806300169,True,5.673629528026883,,,-1.001020342775304,-1.674474723293556
CRV,ETH,4620,0.7317630766787091,0.0,0.0,True,positive,0.6976559790948812,0.10227402200641555,0.21832134806300169,True,3.204307253898848,,,1.8011788840551364,1.4967206872033014
OP,WIF,4620,0.434460610976248,4.5932134003699546e-212,5.479623003950121e-212,True,positive,-0.571226841389909,0.10273945791200079,0.21832134806300169,True,5.154052674036799,,,2.2186018980176985,-0.5224024711997406
ARB,SOL,4620,0.687029117047145,0.0,0.0,True,positive,0.6693163455999518,0.11097443951867453,0.22658874914295865,True,3.1881549094169883,,,-3.1194927047325534,-3.9722569776273025
DOGE,SOL,4620,0.839972419417387,0.0,0.0,True,positive,-0.24854358393330464,0.11317449710232486,0.22658874914295865,True,5.835970248986761,,,2.7654900579636563,1.5335070174372953
AAVE,XRP,4620,0.5310218278893479,0.0,0.0,True,positive,0.15459814614950235,0.11803818056500393,0.22658874914295865,True,2.78715898744426,,,2.591515003249096,4.110978080393162
ENA,XRP,4620,0.373148842091559,1.37998970311425e-152,1.4895126954249047e-152,True,positive,0.1542705901835788,0.11932059481699353,0.22658874914295865,True,1.956783403652187,,,2.327514093147985,3.7988443361294815
AAVE,WIF,4620,0.31621782950440624,8.35251970350001e-108,8.805757206790708e-108,True,positive,-0.40942932634593177,0.11937065257649082,0.22658874914295865,True,5.540234939499274,,,1.9281425676729886,-0.6444543784510048
AVAX,ETH,4620,0.6244682210384122,0.0,0.0,True,positive,0.33594907372596655,0.12026229041600495,0.22658874914295865,True,6.481381602229463,,,3.5273301073391634,3.624991045129793
LDO,UNI,4620,0.6768765369998929,0.0,0.0,True,positive,0.4969481315543644,0.12105054868813542,0.22658874914295865,True,2.806450745710391,,,3.3407852151929145,3.2403566113737816
AAVE,LDO,4620,0.5246776507204287,0.0,0.0,True,positive,0.05368988124932218,0.12134314836056537,0.22658874914295865,True,3.2317207652613154,,,3.360732102184371,3.0045326831301438
ADA,WIF,4620,0.40165765543233267,1.0928575300292625e-178,1.2385718673664976e-178,True,positive,-0.9339374910990503,0.12315513168262066,0.22658874914295865,True,5.524293641633214,,,3.0484755559619274,1.9618659093399646
BTC,CRV,4620,0.7599893902069211,0.0,0.0,True,positive,0.6481238700145754,0.12329093703366867,0.22658874914295865,True,2.5488915019082676,,,0.36833608614642427,-2.5809798235525734
AAVE,SOL,4620,0.48374107426301766,1.1531717875852394e-269,1.6003200317509444e-269,True,positive,-0.3638999944326646,0.12919719138788266,0.23427757371669386,True,5.429233244525757,,,3.09744831237041,-0.44476360134068416
LDO,OP,4620,0.6110765990625604,0.0,0.0,True,positive,0.0846403378111955,0.1527093697807374,0.27326939855500376,True,3.271519036146547,,,3.3852678128807083,2.996526737215765
CRV,UNI,4620,0.5475425196800051,0.0,0.0,True,positive,0.4287309817172781,0.15737358488195952,0.2752204094184752,True,1.2845733826420227,,,0.9403450420175401,3.3629844196966974
ETH,UNI,4620,0.8169303248802582,0.0,0.0,True,positive,0.8019279609246944,0.16149932857313376,0.2752204094184752,True,2.8328095196483942,,,3.1661330730394046,1.763243504900792
ENA,UNI,4620,0.22557010741758912,2.224181780145293e-54,2.2406572007389617e-54,True,positive,0.5265715052952902,0.16179333351288872,0.2752204094184752,True,0.6896111553299608,,,3.1608543839751606,7.760202829921953
ARB,ETH,4620,0.6451142208907554,0.0,0.0,True,positive,1.214151754085985,0.161894358481456,0.2752204094184752,True,4.266000548211658,,,-3.69481759388566,-3.6130237600589257
AAVE,UNI,4620,0.4805495741513203,1.217814833714676e-265,1.6729577513656156e-265,True,positive,0.44732837910699164,0.16477662454040737,0.2766619868826593,True,2.585696791840294,,,3.4445003354982924,5.250343179135586
AVAX,WLD,4620,0.46565607752997384,2.0311450058573932e-247,2.6561126999673605e-247,True,positive,-0.11708061844803408,0.1683660721657272,0.2792412904212061,True,5.295014277824861,,,3.012978201705079,1.4433089317717482
AVAX,SOL,4620,0.6744891756058264,0.0,0.0,True,positive,0.7403539720690939,0.17750943341518638,0.28842980460174567,True,6.8150178763637745,,,-2.9281198832065907,-2.5023598333324726
CRV,DOGE,4620,0.6956920761108953,0.0,0.0,True,positive,0.45918961648420165,0.1781478204893135,0.28842980460174567,True,17.439143525828182,,,2.8993091612876016,1.9576590159034604
ADA,XRP,4620,0.7716429020627382,0.0,0.0,True,positive,0.4647018164592428,0.18223898088484375,0.29158236941575,True,2.666595241014463,,,-1.562452478800828,-2.9964102455625263
CRV,LDO,4620,0.6983045625313753,0.0,0.0,True,positive,0.426969152324186,0.18667589528345563,0.2944122305827126,True,3.4496479152282835,,,2.991477793157042,1.1870743665029992
ARB,DOGE,4620,0.724369351424919,0.0,0.0,True,positive,-0.06893417598144573,0.18931574181125155,0.2944122305827126,True,5.318158874091132,,,2.0108475214165136,1.9520459250907833
OP,SOL,4620,0.5936563055347719,0.0,0.0,True,positive,-0.22840039395779016,0.1905020315535199,0.2944122305827126,True,8.179202759163589,,,2.7611167885624375,-0.09703758292168882
ETH,SUI,4620,0.7557163806751778,0.0,0.0,True,positive,0.9761281481636433,0.20962353661221123,0.32032360650854746,True,4.848503189428562,,,-3.5170734452612096,-1.0757369300956836
OP,UNI,4620,0.561472679252381,0.0,0.0,True,positive,0.5774825900845741,0.21340093203663124,0.32247251952202055,True,1.7816225014806448,,,3.544323523200755,6.172394426506236
ADA,LDO,4620,0.6968934734501898,0.0,0.0,True,positive,0.40619320910862355,0.22352368088769003,0.33405736923874557,True,3.251474117456761,,,1.8732109366336633,0.1265224768893916
AVAX,SUI,4620,0.678882791471604,0.0,0.0,True,positive,0.9373022534513178,0.23197505749558361,0.34291965021086274,True,6.174111920171758,,,-1.9934934872388697,-0.9559441103953804
ENA,WLD,4620,0.1312600102380987,3.3006024890572843e-19,3.3006024890572843e-19,True,positive,0.3578316379455114,0.2359269064083287,0.3450113900164807,True,5.992472227998039,,,2.3225551613468136,0.8393476205506317
ARB,SUI,4620,0.6881313033674537,0.0,0.0,True,positive,0.6992107039746408,0.24587161548142733,0.35572914580291615,True,5.354811945807199,,,-1.5242101746149186,-0.4763064911846219
AAVE,ARB,4620,0.46744537045125334,1.46556099190987e-249,1.9351096592207993e-249,True,positive,0.008842186631627832,0.25951344199714255,0.36764404282928526,True,6.06755209325837,,,1.9479612180139185,1.9025792452451256
AVAX,DOGE,4620,0.6998283841679787,0.0,0.0,True,positive,0.0071364856668633195,0.2655603570957167,0.37233204706203576,True,9.402822911172425,,,2.627183267543851,0.28858992728434096
SOL,SUI,4620,0.7905743765439155,0.0,0.0,True,positive,0.37871037820658093,0.26853714987229266,0.3726637998227735,True,6.738425000877782,,,2.2831435044098654,1.2953772835614874
ARB,OP,4620,0.5738326383893089,0.0,0.0,True,positive,0.023638003979536457,0.2740519854820539,0.3764754548036296,True,6.200470840451924,,,1.9213654338322952,1.9046061690461524
ADA,ETH,4620,0.7848710098145518,0.0,0.0,True,positive,0.42999323589648736,0.279543554776433,0.38017923449594887,True,3.268772452758426,,,3.3669202109054823,3.122599527079777
ENA,LDO,4620,0.2946055535868878,3.5846348631143e-93,3.721452987660647e-93,True,positive,0.1767492843184525,0.29692311930052023,0.39981726955317576,True,2.7299230789455873,,,3.1220436036005483,3.217374165386067
ETH,WLD,4620,0.5744727999431448,0.0,0.0,True,positive,-0.02038841180499056,0.30326203403194135,0.40434937870925514,True,6.316117067213733,,,3.487699718097649,3.5650979412550665
SOL,WIF,4620,0.5005491905639576,1.4172700472413997e-291,2.165716027245285e-291,True,positive,0.9251575377490613,0.31332382291596905,0.41370912540360966,True,8.593776865885692,,,-2.605056033412241,-2.7370538289292696
ADA,ARB,4620,0.7389452731306612,0.0,0.0,True,positive,0.4956547987986632,0.33993140103730624,0.44452567827955436,True,8.075877606818116,,,-3.5000639949711885,-1.0280922737348612
DOGE,ENA,4620,0.366507146813218,7.153661804782663e-147,7.660614216145213e-147,True,positive,1.0735985550637215,0.35797102252482077,0.4636577053654821,True,5.321978452013424,,,2.260906403851833,-0.4807188303889235
DOGE,OP,4620,0.6271771379792946,0.0,0.0,True,positive,0.6178701737580832,0.36836400679625264,0.4682009806008445,True,5.59046806105432,,,1.8247159657443353,1.888936982817517
ENA,SOL,4620,0.40401396931034794,5.801650678659017e-181,6.630457918467447e-181,True,positive,0.11289523148119228,0.37332759239819635,0.4701162274643954,True,8.731043697669103,,,3.046760238196202,-0.5036856226976063
AVAX,OP,4620,0.4925496110135712,5.398688017657372e-281,8.068368905509919e-281,True,positive,0.04910934168999116,0.4075052823626895,0.5084469578103282,True,9.112923635037374,,,2.562867716502735,1.6513541415216724
ADA,SUI,4620,0.7421570862327327,0.0,0.0,True,positive,0.9441582867000908,0.42085348017673907,0.517129793846834,True,2.9474803554172997,,,-3.1220462546466,-4.153524654191123
AVAX,ENA,4620,0.42398566845762076,5.331480714993058e-201,6.1972767285389384e-201,True,positive,0.5277870986060169,0.42206916997793065,0.517129793846834,True,9.16361623790731,,,2.909972833011011,-0.7668606169497872
ARB,ENA,4620,0.45048884893009483,9.08102799835511e-230,1.13304569520761e-229,True,positive,0.15285608888736,0.43561102138395835,0.5289562402519494,True,6.718222601080025,,,1.3635798270585313,1.9680799539864975
ETH,XRP,4620,0.8830591418799248,0.0,0.0,True,positive,0.6724288100747962,0.4529370905355613,0.5451278257773127,True,6.832645167195536,,,-6.139428233149798,-2.6768094780404237
ADA,AVAX,4620,0.7129033839235834,0.0,0.0,True,positive,0.6763598775980447,0.47760506129554553,0.5697744590894227,True,11.901878752415032,,,-3.302467372707587,-1.4059971203480894
ETH,WIF,4620,0.47826465704634813,8.71293393592585e-263,1.1849590152859155e-262,True,positive,1.8055501908355072,0.49278321144044945,0.5801846158447085,True,9.947799928132628,,,-3.360574807874334,-2.8510818311441217
ADA,BTC,4620,0.8056441583078903,0.0,0.0,True,positive,0.42257154579166845,0.4948633488087219,0.5801846158447085,True,5.933818422407751,,,1.7295136258003896,-1.9252812827768553
SUI,WLD,4620,0.4044417112664134,2.2314614541801576e-181,2.57185387939408e-181,True,positive,0.08650543546924516,0.5297855683766826,0.615819122215631,True,24.189584128985032,,,2.4974955886134893,1.381703725252886
BTC,ETH,4620,0.9127460042011917,0.0,0.0,True,positive,0.5146784138431658,0.5371831132648816,0.6169846077483384,True,12.21684818858399,,,1.7487820294609573,-0.9985400482517008
AAVE,AVAX,4620,0.44594113924413215,1.1978057901903879e-224,1.4675818690620969e-224,True,positive,0.10547922555244942,0.5398615317797961,0.6169846077483384,True,10.567879469215443,,,2.5367616466852474,1.6850797541783216
CRV,ENA,4620,0.48765499494190945,1.171495931954052e-274,1.6596192369349068e-274,True,positive,0.22766906618296096,0.5790037341594356,0.6562042320473604,True,8.62330224351202,,,2.801533873036506,3.105837010056681
ETH,LDO,4620,0.8586450780757832,0.0,0.0,True,positive,0.9793047679091917,0.6117403378308615,0.687575916900803,True,5.908312680713016,,,-2.4336073973701957,-2.406460423928625
ETH,OP,4620,0.6345195335790458,0.0,0.0,True,positive,0.05810409290506214,0.6367223896314386,0.7097888933596365,True,24.11590329662752,,,3.4566760653078306,1.4163546475330255
AAVE,ETH,4620,0.5222050242306991,1.126e-321,1.823e-321,True,positive,0.058472141931349815,0.6520461081824002,0.719231058705285,True,58.30721350832465,,,3.4364469956250834,0.1403193325893131
DOGE,ETH,4620,0.8576576273370818,0.0,0.0,True,positive,0.11532989201223319,0.6612946872874148,0.7194886197687074,True,48.26584317783274,,,3.4913294127695416,0.4038102408622572
AAVE,SUI,4620,0.44703299412763375,7.180820733345233e-226,8.878105633954105e-226,True,positive,0.1936898117759237,0.7363349783612256,0.7947742623581483,True,112.65019045209569,,,2.614512477747842,-0.7820740377730158
ENA,SUI,4620,0.5595151774008009,0.0,0.0,True,positive,0.18997568594135655,0.781391577614466,0.8367657839021053,True,21.742122237837222,,,2.522356594515175,1.5030880995247098
ENA,ETH,4620,0.3355716287858191,5.514649806320173e-122,5.859315419215184e-122,True,positive,0.09012532825557192,0.8155123220333944,0.8631663380974138,True,17.329304467572864,,,3.4225913591688135,1.9202774058913412
DOGE,SUI,4620,0.7853365491833103,0.0,0.0,True,positive,0.37500135217572583,0.8187386589306351,0.8631663380974138,True,64.92438711551564,,,2.6724705829250825,-0.00779258442004102
ADA,UNI,4620,0.6021869972423242,0.0,0.0,True,positive,0.8331375502802529,0.9408911216303298,0.9694029738009459,True,1.8381400660775649,,,2.395143528648642,0.40728116806315395
AAVE,CRV,4620,0.3767444543904036,9.762754072926702e-156,1.0621876431344252e-155,True,positive,0.23998596830520397,0.2534443434970991,0.3628255864800577,False,,,,2.830878003334519,
CRV,OP,4620,0.6508332727233909,0.0,0.0,True,positive,0.298509516314901,0.36812489217326294,0.4682009806008445,False,,,,2.9200183644510638,
ADA,SOL,4620,0.8214002414777009,0.0,0.0,True,positive,0.20838819630671362,0.6557694947018775,0.719231058705285,False,,,,3.0107120760660733,
OP,SUI,4620,0.6773430228820474,0.0,0.0,True,positive,0.24575567175645308,0.8456826938434993,0.8847142027901223,False,,,,2.642500148063811,
ADA,WLD,4620,0.39858428733054685,9.512586793977858e-176,1.0691833090751972e-175,True,positive,0.13634041629324667,0.9364031487260187,0.9694029738009459,False,,,,2.7747109756943718,
AAVE,ADA,4620,0.45265723482070785,3.0845054800111977e-232,3.920492946556289e-232,True,positive,0.2353992661418733,0.9869568859969502,0.997088607486813,False,,,,2.9492266803443545,
ADA,ENA,4620,0.4337088980910994,2.9460828014611253e-211,3.4840631391192437e-211,True,positive,0.19972984366579635,0.9890886059404596,0.997088607486813,False,,,,2.9195147204520655,
ADA,OP,4620,0.5171268944997758,2.0223487146e-314,3.198132851e-314,True,positive,0.2934266981481268,0.994497830234098,0.997088607486813,False,,,,2.9544754372370283,
ADA,DOGE,4620,0.7665836667760737,0.0,0.0,True,positive,0.4665525598153639,0.997088607486813,0.997088607486813,False,,,,3.058158576340963,
